director_id,first_name,last_name,date_of_birth,email
1,Chloe,Scott,1992-03-19,director.chloe.scott.1@outlook.com
2,Dakota,Lewis,1983-10-01,director.dakota.lewis.2@outlook.com
3,Olivia,Lee,1986-09-24,director.olivia.lee.3@hotmail.com
4,James,Clark,1978-10-07,director.james.clark.4@yahoo.com
5,Lily,Evans,1976-09-20,director.lily.evans.5@outlook.com
6,Nathan,Nguyen,1963-07-02,director.nathan.nguyen.6@gmail.com
7,Nathan,Adams,1973-10-19,director.nathan.adams.7@proton.me
8,Ethan,Sanchez,1970-03-19,director.ethan.sanchez.8@yahoo.com
9,Alexander,Jackson,1985-05-27,director.alexander.jackson.9@proton.me
10,Alex,King,1990-07-03,director.alex.king.10@icloud.com
11,Benjamin,Taylor,1982-11-18,director.benjamin.taylor.11@proton.me
12,Samuel,Hill,1985-03-15,director.samuel.hill.12@gmail.com
13,Evelyn,Campbell,1971-03-23,director.evelyn.campbell.13@gmail.com
14,Taylor,Thompson,1956-01-01,director.taylor.thompson.14@gmail.com
15,Avery,Evans,1968-07-02,director.avery.evans.15@proton.me
16,Samuel,Martinez,1981-10-27,director.samuel.martinez.16@outlook.com
17,Parker,Martinez,1986-03-05,director.parker.martinez.17@outlook.com
18,Alexander,Clark,1952-04-13,director.alexander.clark.18@outlook.com
19,Daniel,Torres,1952-06-03,director.daniel.torres.19@gmail.com
20,Avery,Parker,1989-03-11,director.avery.parker.20@yahoo.com
21,Chloe,Clark,1968-06-28,director.chloe.clark.21@outlook.com
22,Jacob,Thomas,1954-08-21,director.jacob.thomas.22@outlook.com
23,Dakota,Harris,1993-05-21,director.dakota.harris.23@icloud.com
24,Ella,Morgan,1959-10-15,director.ella.morgan.24@hotmail.com
25,Avery,Garcia,1964-10-15,director.avery.garcia.25@yahoo.com
26,Isabella,Turner,1986-06-17,director.isabella.turner.26@gmail.com
27,Jacob,Baker,1973-10-15,director.jacob.baker.27@proton.me
28,Charlotte,Green,1966-10-04,director.charlotte.green.28@gmail.com
29,Chloe,Garcia,1990-02-14,director.chloe.garcia.29@outlook.com
30,Chloe,Scott,1991-08-14,director.chloe.scott.30@yahoo.com
31,Ella,Martin,1971-08-01,director.ella.martin.31@icloud.com
32,Zoe,Hill,1991-09-25,director.zoe.hill.32@yahoo.com
33,Logan,Scott,1960-02-27,director.logan.scott.33@gmail.com
34,Morgan,Mitchell,1985-02-02,director.morgan.mitchell.34@icloud.com
35,Charlotte,Walker,1957-08-12,director.charlotte.walker.35@proton.me
36,Skyler,Adams,1988-02-20,director.skyler.adams.36@proton.me
37,Harper,Carter,1975-06-10,director.harper.carter.37@icloud.com
38,Elijah,Turner,1995-10-13,director.elijah.turner.38@outlook.com
39,Lily,Sanchez,1966-05-26,director.lily.sanchez.39@outlook.com
40,Nathan,Taylor,1991-07-23,director.nathan.taylor.40@outlook.com
41,Rowan,Evans,1951-08-19,director.rowan.evans.41@yahoo.com
42,Lily,Brown,1953-10-27,director.lily.brown.42@icloud.com
43,Reese,Stewart,1980-05-05,director.reese.stewart.43@outlook.com
44,Sophia,Martinez,1981-04-16,director.sophia.martinez.44@icloud.com
45,Zoe,Morris,1966-11-19,director.zoe.morris.45@gmail.com
46,Benjamin,Phillips,1966-06-24,director.benjamin.phillips.46@gmail.com
47,Olivia,Clark,1956-06-06,director.olivia.clark.47@hotmail.com
48,Abigail,White,1968-06-15,director.abigail.white.48@outlook.com
49,Mia,Allen,1967-09-11,director.mia.allen.49@gmail.com
50,Abigail,Morris,1959-04-11,director.abigail.morris.50@icloud.com
51,William,Martin,1986-06-02,director.william.martin.51@proton.me
52,Avery,Martin,1986-11-13,director.avery.martin.52@icloud.com
53,Alexander,Adams,1978-12-24,director.alexander.adams.53@hotmail.com
54,Morgan,Morris,1976-05-22,director.morgan.morris.54@proton.me
55,William,Lewis,1957-03-04,director.william.lewis.55@proton.me
56,Hannah,Clark,1969-09-14,director.hannah.clark.56@proton.me
57,Zoe,Sanchez,1986-12-09,director.zoe.sanchez.57@yahoo.com
58,Michael,Harris,1957-05-27,director.michael.harris.58@yahoo.com
59,Elijah,Edwards,1992-09-25,director.elijah.edwards.59@hotmail.com
60,Michael,Adams,1988-11-12,director.michael.adams.60@outlook.com
61,Dakota,Martinez,1966-11-15,director.dakota.martinez.61@gmail.com
62,Mia,Thomas,1988-10-09,director.mia.thomas.62@proton.me
63,Sophia,Adams,1977-05-20,director.sophia.adams.63@icloud.com
64,Hannah,Brown,1987-08-24,director.hannah.brown.64@proton.me
65,Dakota,Harris,1958-06-03,director.dakota.harris.65@outlook.com
66,Mason,Cook,1965-01-15,director.mason.cook.66@hotmail.com
67,Zoe,Garcia,1977-05-04,director.zoe.garcia.67@proton.me
68,Lily,Thompson,1954-08-24,director.lily.thompson.68@yahoo.com
69,Ethan,Walker,1954-07-02,director.ethan.walker.69@outlook.com
70,Jacob,Parker,1991-09-03,director.jacob.parker.70@gmail.com
71,Avery,Morgan,1992-03-24,director.avery.morgan.71@yahoo.com
72,Abigail,Baker,1966-07-16,director.abigail.baker.72@gmail.com
73,Logan,Lee,1955-12-03,director.logan.lee.73@gmail.com
74,Mia,Walker,1992-02-22,director.mia.walker.74@proton.me
75,Michael,Lewis,1980-03-07,director.michael.lewis.75@gmail.com
76,Elijah,Turner,1970-05-15,director.elijah.turner.76@gmail.com
77,Noah,Scott,1989-05-01,director.noah.scott.77@icloud.com
78,Nathan,Cook,1958-03-14,director.nathan.cook.78@yahoo.com
79,Skyler,Hall,1994-08-03,director.skyler.hall.79@icloud.com
80,Cameron,Green,1971-04-09,director.cameron.green.80@outlook.com
81,James,Edwards,1956-11-27,director.james.edwards.81@gmail.com
82,Evelyn,Bell,1953-10-10,director.evelyn.bell.82@icloud.com
83,Parker,Smith,1955-06-21,director.parker.smith.83@icloud.com
84,Quinn,Stewart,1968-04-17,director.quinn.stewart.84@yahoo.com
85,Lily,King,1976-09-13,director.lily.king.85@yahoo.com
86,Mia,Jackson,1976-01-21,director.mia.jackson.86@yahoo.com
87,Reese,Jackson,1989-12-27,director.reese.jackson.87@outlook.com
88,Ethan,Stewart,1963-04-02,director.ethan.stewart.88@outlook.com
89,Liam,Adams,1969-08-26,director.liam.adams.89@gmail.com
90,Harper,Anderson,1988-01-18,director.harper.anderson.90@outlook.com
91,Emily,Johnson,1980-03-05,director.emily.johnson.91@proton.me
92,Charlotte,Martin,1983-06-18,director.charlotte.martin.92@yahoo.com
93,Zoe,Martin,1991-08-20,director.zoe.martin.93@hotmail.com
94,Mia,Allen,1962-10-11,director.mia.allen.94@yahoo.com
95,Michael,Perez,1959-11-12,director.michael.perez.95@yahoo.com
96,Mason,Baker,1976-10-24,director.mason.baker.96@gmail.com
97,Casey,Bell,1985-02-17,director.casey.bell.97@proton.me
98,Michael,Clark,1978-03-05,director.michael.clark.98@hotmail.com
99,Chloe,Jackson,1994-08-11,director.chloe.jackson.99@yahoo.com
100,Lucas,White,1955-12-12,director.lucas.white.100@proton.me
101,Hannah,Clark,1971-10-12,director.hannah.clark.101@outlook.com
102,Emma,Gonzalez,1974-03-28,director.emma.gonzalez.102@icloud.com
103,Grace,Sanchez,1984-02-20,director.grace.sanchez.103@outlook.com
104,Sophia,Adams,1954-01-08,director.sophia.adams.104@proton.me
105,Andrew,Wright,1969-07-25,director.andrew.wright.105@proton.me
106,William,Turner,1987-10-01,director.william.turner.106@hotmail.com
107,Reese,Stewart,1978-02-13,director.reese.stewart.107@hotmail.com
108,Morgan,Sanchez,1986-01-14,director.morgan.sanchez.108@gmail.com
109,Cameron,Campbell,1956-05-20,director.cameron.campbell.109@icloud.com
110,Lucas,Roberts,1960-08-26,director.lucas.roberts.110@yahoo.com
111,Jacob,Clark,1957-05-20,director.jacob.clark.111@gmail.com
112,Samuel,Rogers,1976-05-13,director.samuel.rogers.112@yahoo.com
113,Samuel,Brown,1973-08-23,director.samuel.brown.113@hotmail.com
114,Cameron,Reed,1985-04-14,director.cameron.reed.114@gmail.com
115,Alex,White,1991-02-04,director.alex.white.115@proton.me
116,Dakota,Green,1989-04-03,director.dakota.green.116@hotmail.com
117,James,Anderson,1995-07-10,director.james.anderson.117@yahoo.com
118,Skyler,Cook,1977-12-04,director.skyler.cook.118@hotmail.com
119,Alex,Jackson,1954-03-21,director.alex.jackson.119@hotmail.com
120,Lily,Wright,1989-04-26,director.lily.wright.120@icloud.com
121,Olivia,Clark,1973-02-27,director.olivia.clark.121@proton.me
122,Michael,Hill,1953-04-06,director.michael.hill.122@yahoo.com
123,Lily,Morris,1953-08-02,director.lily.morris.123@proton.me
124,Charlotte,Clark,1952-08-22,director.charlotte.clark.124@yahoo.com
125,Lily,Carter,1951-03-09,director.lily.carter.125@outlook.com
126,Grace,Young,1970-12-07,director.grace.young.126@outlook.com
127,Logan,Jackson,1967-04-21,director.logan.jackson.127@icloud.com
128,Lily,Thompson,1973-10-08,director.lily.thompson.128@outlook.com
129,Jordan,Thompson,1962-01-01,director.jordan.thompson.129@proton.me
130,Benjamin,Stewart,1975-02-04,director.benjamin.stewart.130@proton.me
131,Liam,Campbell,1952-12-28,director.liam.campbell.131@proton.me
132,Benjamin,Brown,1972-06-22,director.benjamin.brown.132@hotmail.com
133,Benjamin,Morgan,1958-06-04,director.benjamin.morgan.133@proton.me
134,Cameron,Clark,1989-02-18,director.cameron.clark.134@outlook.com
135,Daniel,Martin,1991-12-05,director.daniel.martin.135@proton.me
136,Benjamin,Rogers,1950-06-28,director.benjamin.rogers.136@icloud.com
137,Evelyn,White,1950-08-17,director.evelyn.white.137@outlook.com
138,Benjamin,Green,1953-06-22,director.benjamin.green.138@hotmail.com
139,Isabella,Perez,1952-06-04,director.isabella.perez.139@yahoo.com
140,Elijah,Martinez,1955-11-16,director.elijah.martinez.140@icloud.com
141,Abigail,Cook,1953-09-07,director.abigail.cook.141@outlook.com
142,Emma,Lewis,1977-09-19,director.emma.lewis.142@proton.me
143,Rowan,Perez,1964-03-08,director.rowan.perez.143@gmail.com
144,Amelia,Hall,1975-07-06,director.amelia.hall.144@hotmail.com
145,Lucas,Sanchez,1993-02-23,director.lucas.sanchez.145@gmail.com
146,Avery,White,1990-12-01,director.avery.white.146@icloud.com
147,Riley,Campbell,1974-12-20,director.riley.campbell.147@proton.me
148,Logan,Morris,1992-11-11,director.logan.morris.148@icloud.com
149,Evelyn,Roberts,1980-02-20,director.evelyn.roberts.149@proton.me
150,Avery,Anderson,1966-03-22,director.avery.anderson.150@icloud.com
151,James,Roberts,1954-04-13,director.james.roberts.151@outlook.com
152,Lily,Cook,1959-01-25,director.lily.cook.152@hotmail.com
153,Alex,Edwards,1951-07-27,director.alex.edwards.153@outlook.com
154,Chloe,Thomas,1958-08-25,director.chloe.thomas.154@proton.me
155,Andrew,Phillips,1956-04-10,director.andrew.phillips.155@hotmail.com
156,Daniel,Phillips,1988-12-19,director.daniel.phillips.156@hotmail.com
157,Emily,Adams,1982-03-19,director.emily.adams.157@icloud.com
158,Alexander,Reed,1951-01-10,director.alexander.reed.158@gmail.com
159,Mason,Anderson,1992-12-22,director.mason.anderson.159@yahoo.com
160,James,Wright,1961-06-16,director.james.wright.160@gmail.com
161,Skyler,Roberts,1978-01-17,director.skyler.roberts.161@hotmail.com
162,Skyler,Perez,1964-09-11,director.skyler.perez.162@icloud.com
163,Elijah,Lee,1967-07-19,director.elijah.lee.163@gmail.com
164,Avery,Taylor,1978-09-21,director.avery.taylor.164@outlook.com
165,Mia,Perez,1970-07-12,director.mia.perez.165@hotmail.com
166,Logan,Rogers,1958-05-15,director.logan.rogers.166@hotmail.com
167,Harper,Brown,1985-09-24,director.harper.brown.167@yahoo.com
168,Parker,King,1979-04-05,director.parker.king.168@outlook.com
169,Lucas,Harris,1969-06-13,director.lucas.harris.169@gmail.com
170,Morgan,Jackson,1957-12-19,director.morgan.jackson.170@gmail.com
171,Harper,Reed,1964-04-23,director.harper.reed.171@outlook.com
172,Taylor,Hill,1970-10-10,director.taylor.hill.172@proton.me
173,Casey,Smith,1980-12-24,director.casey.smith.173@gmail.com
174,Harper,Adams,1962-11-02,director.harper.adams.174@hotmail.com
175,Rowan,Clark,1950-05-14,director.rowan.clark.175@gmail.com
176,Zoe,Collins,1992-02-09,director.zoe.collins.176@hotmail.com
177,Evelyn,Cook,1960-03-09,director.evelyn.cook.177@gmail.com
178,Alex,Clark,1962-02-08,director.alex.clark.178@hotmail.com
179,Grace,Adams,1988-09-17,director.grace.adams.179@yahoo.com
180,Michael,Campbell,1951-02-06,director.michael.campbell.180@gmail.com
181,Amelia,Lewis,1965-02-17,director.amelia.lewis.181@icloud.com
182,Cameron,Young,1990-05-01,director.cameron.young.182@icloud.com
183,Liam,Johnson,1991-01-06,director.liam.johnson.183@gmail.com
184,Morgan,Johnson,1966-12-23,director.morgan.johnson.184@icloud.com
185,Cameron,Roberts,1969-05-02,director.cameron.roberts.185@hotmail.com
186,Liam,Hill,1953-05-24,director.liam.hill.186@icloud.com
187,Morgan,Scott,1994-09-07,director.morgan.scott.187@outlook.com
188,Samuel,Gonzalez,1958-07-26,director.samuel.gonzalez.188@gmail.com
189,Parker,Reed,1972-09-19,director.parker.reed.189@outlook.com
190,Ethan,Clark,1966-03-13,director.ethan.clark.190@hotmail.com
191,Zoe,White,1955-10-19,director.zoe.white.191@gmail.com
192,Jamie,Young,1988-12-01,director.jamie.young.192@icloud.com
193,Emma,Green,1984-01-25,director.emma.green.193@outlook.com
194,Casey,Phillips,1961-09-25,director.casey.phillips.194@hotmail.com
195,Charlotte,Carter,1959-02-08,director.charlotte.carter.195@icloud.com
196,Zoe,Morgan,1951-08-22,director.zoe.morgan.196@icloud.com
197,Henry,Martin,1986-06-13,director.henry.martin.197@gmail.com
198,Harper,King,1960-03-05,director.harper.king.198@proton.me
199,Emily,Hall,1983-06-08,director.emily.hall.199@yahoo.com
200,Ella,Phillips,1975-10-11,director.ella.phillips.200@proton.me
201,Evelyn,Walker,1968-07-10,director.evelyn.walker.201@proton.me
202,Taylor,King,1958-12-23,director.taylor.king.202@proton.me
203,Taylor,Sanchez,1953-04-07,director.taylor.sanchez.203@icloud.com
204,Cameron,Gonzalez,1972-11-08,director.cameron.gonzalez.204@proton.me
205,Cameron,Thomas,1986-07-14,director.cameron.thomas.205@hotmail.com
206,Parker,Lee,1987-04-11,director.parker.lee.206@hotmail.com
207,Emma,Lewis,1994-03-13,director.emma.lewis.207@gmail.com
208,Zoe,Walker,1973-09-25,director.zoe.walker.208@proton.me
209,Michael,Reed,1975-11-15,director.michael.reed.209@gmail.com
210,Reese,King,1982-04-21,director.reese.king.210@icloud.com
211,Lucas,Thomas,1980-10-03,director.lucas.thomas.211@hotmail.com
212,Olivia,Edwards,1953-07-14,director.olivia.edwards.212@gmail.com
213,Quinn,Brown,1988-01-07,director.quinn.brown.213@proton.me
214,Cameron,Martin,1982-02-02,director.cameron.martin.214@yahoo.com
215,Liam,Green,1966-01-03,director.liam.green.215@hotmail.com
216,Jordan,Scott,1983-08-27,director.jordan.scott.216@proton.me
217,William,Scott,1990-03-18,director.william.scott.217@hotmail.com
218,Lily,Reed,1963-03-25,director.lily.reed.218@icloud.com
219,Emily,Walker,1970-09-04,director.emily.walker.219@hotmail.com
220,Reese,Phillips,1965-02-04,director.reese.phillips.220@outlook.com
221,Casey,Reed,1972-08-05,director.casey.reed.221@hotmail.com
222,Avery,Martinez,1982-03-15,director.avery.martinez.222@yahoo.com
223,Andrew,Thomas,1983-07-09,director.andrew.thomas.223@outlook.com
224,Hannah,Scott,1981-06-03,director.hannah.scott.224@yahoo.com
225,Ethan,Clark,1961-11-22,director.ethan.clark.225@outlook.com
226,Parker,Clark,1953-01-27,director.parker.clark.226@icloud.com
227,Evelyn,Wright,1968-01-19,director.evelyn.wright.227@proton.me
228,Michael,Bell,1988-10-23,director.michael.bell.228@gmail.com
229,Michael,Walker,1962-11-26,director.michael.walker.229@yahoo.com
230,Jordan,Turner,1966-05-28,director.jordan.turner.230@gmail.com
231,Mia,Wright,1983-04-19,director.mia.wright.231@icloud.com
232,James,Murphy,1989-02-12,director.james.murphy.232@icloud.com
233,Alex,Scott,1967-12-05,director.alex.scott.233@gmail.com
234,Sophia,Bell,1961-03-06,director.sophia.bell.234@outlook.com
235,Logan,Roberts,1961-02-18,director.logan.roberts.235@icloud.com
236,Grace,Taylor,1962-04-05,director.grace.taylor.236@proton.me
237,Zoe,Carter,1990-10-15,director.zoe.carter.237@yahoo.com
238,Jacob,King,1992-01-26,director.jacob.king.238@gmail.com
239,Reese,Thompson,1963-01-23,director.reese.thompson.239@hotmail.com
240,Casey,King,1967-02-13,director.casey.king.240@icloud.com
241,Amelia,Johnson,1995-03-12,director.amelia.johnson.241@gmail.com
242,Charlotte,Brown,1974-09-23,director.charlotte.brown.242@gmail.com
243,Hannah,Gonzalez,1957-05-12,director.hannah.gonzalez.243@icloud.com
244,Cameron,Mitchell,1951-12-10,director.cameron.mitchell.244@yahoo.com
245,Benjamin,Taylor,1972-05-23,director.benjamin.taylor.245@gmail.com
246,Lily,Collins,1983-04-07,director.lily.collins.246@outlook.com
247,Noah,Stewart,1950-10-01,director.noah.stewart.247@icloud.com
248,Alex,Stewart,1991-11-02,director.alex.stewart.248@icloud.com
249,Casey,Rogers,1956-08-26,director.casey.rogers.249@icloud.com
250,Riley,Turner,1980-02-17,director.riley.turner.250@hotmail.com
251,Avery,White,1951-07-18,director.avery.white.251@icloud.com
252,Mia,Taylor,1963-12-13,director.mia.taylor.252@icloud.com
253,Alexander,Nguyen,1954-11-08,director.alexander.nguyen.253@outlook.com
254,Benjamin,Taylor,1958-08-28,director.benjamin.taylor.254@proton.me
255,Avery,Walker,1967-03-27,director.avery.walker.255@hotmail.com
256,Logan,Anderson,1959-05-04,director.logan.anderson.256@gmail.com
257,Reese,Evans,1967-06-25,director.reese.evans.257@yahoo.com
258,Elijah,Campbell,1978-08-19,director.elijah.campbell.258@hotmail.com
259,Andrew,Lewis,1981-12-04,director.andrew.lewis.259@yahoo.com
260,Evelyn,Nguyen,1985-03-21,director.evelyn.nguyen.260@icloud.com
261,James,King,1953-07-12,director.james.king.261@gmail.com
262,Dakota,Evans,1969-05-07,director.dakota.evans.262@gmail.com
263,Parker,Lewis,1981-08-03,director.parker.lewis.263@yahoo.com
264,Andrew,Mitchell,1957-07-23,director.andrew.mitchell.264@gmail.com
265,Logan,Evans,1991-08-19,director.logan.evans.265@icloud.com
266,Sophia,Murphy,1985-04-20,director.sophia.murphy.266@gmail.com
267,Isabella,Cook,1976-06-25,director.isabella.cook.267@yahoo.com
268,Nathan,Walker,1963-04-03,director.nathan.walker.268@icloud.com
269,William,Allen,1985-11-24,director.william.allen.269@gmail.com
270,Jacob,Martin,1984-02-22,director.jacob.martin.270@icloud.com
271,Reese,Roberts,1955-11-17,director.reese.roberts.271@icloud.com
272,Hannah,Adams,1979-03-10,director.hannah.adams.272@icloud.com
273,Avery,Nguyen,1950-09-21,director.avery.nguyen.273@icloud.com
274,Noah,Morgan,1967-01-26,director.noah.morgan.274@icloud.com
275,Grace,Johnson,1959-09-01,director.grace.johnson.275@icloud.com
276,Parker,Allen,1986-10-26,director.parker.allen.276@outlook.com
277,Andrew,Parker,1969-01-21,director.andrew.parker.277@gmail.com
278,Amelia,White,1974-10-11,director.amelia.white.278@icloud.com
279,Noah,Wright,1985-02-08,director.noah.wright.279@yahoo.com
280,Liam,Harris,1978-08-24,director.liam.harris.280@yahoo.com
281,Zoe,Johnson,1993-03-11,director.zoe.johnson.281@icloud.com
282,Parker,Phillips,1984-06-03,director.parker.phillips.282@gmail.com
283,Avery,Clark,1962-01-18,director.avery.clark.283@yahoo.com
284,Jamie,Sanchez,1981-02-19,director.jamie.sanchez.284@outlook.com
285,Grace,Murphy,1994-12-07,director.grace.murphy.285@icloud.com
286,Reese,Lee,1995-05-18,director.reese.lee.286@gmail.com
287,Noah,Harris,1987-03-19,director.noah.harris.287@proton.me
288,Jacob,Allen,1977-04-16,director.jacob.allen.288@hotmail.com
289,Jordan,Turner,1980-03-21,director.jordan.turner.289@yahoo.com
290,Jamie,Perez,1993-11-10,director.jamie.perez.290@proton.me
291,Samuel,Lee,1965-06-14,director.samuel.lee.291@yahoo.com
292,Parker,Evans,1969-04-10,director.parker.evans.292@outlook.com
293,Henry,Bell,1962-01-23,director.henry.bell.293@icloud.com
294,Morgan,Garcia,1991-05-23,director.morgan.garcia.294@hotmail.com
295,Jacob,Allen,1969-07-08,director.jacob.allen.295@yahoo.com
296,Amelia,Torres,1958-03-15,director.amelia.torres.296@proton.me
297,William,Anderson,1956-09-21,director.william.anderson.297@proton.me
298,Mason,Brown,1958-07-20,director.mason.brown.298@icloud.com
299,Casey,Edwards,1958-12-08,director.casey.edwards.299@proton.me
300,Mia,Taylor,1965-09-05,director.mia.taylor.300@icloud.com
301,Sophia,Carter,1953-12-26,director.sophia.carter.301@outlook.com
302,Jamie,Morgan,1966-03-12,director.jamie.morgan.302@yahoo.com
303,Rowan,Allen,1987-11-05,director.rowan.allen.303@yahoo.com
304,Reese,Hill,1963-08-19,director.reese.hill.304@proton.me
305,Rowan,Harris,1994-09-23,director.rowan.harris.305@gmail.com
306,Zoe,Jackson,1983-09-27,director.zoe.jackson.306@icloud.com
307,Lily,Martin,1985-02-15,director.lily.martin.307@outlook.com
308,Benjamin,Martinez,1989-03-26,director.benjamin.martinez.308@proton.me
309,Avery,Wright,1993-02-09,director.avery.wright.309@yahoo.com
310,Ethan,White,1979-05-21,director.ethan.white.310@proton.me
311,Noah,Roberts,1950-06-19,director.noah.roberts.311@gmail.com
312,Rowan,King,1983-11-24,director.rowan.king.312@outlook.com
313,Noah,Lee,1957-06-27,director.noah.lee.313@yahoo.com
314,Emma,Campbell,1961-01-09,director.emma.campbell.314@gmail.com
315,Daniel,Johnson,1968-11-06,director.daniel.johnson.315@yahoo.com
316,Andrew,Collins,1992-06-16,director.andrew.collins.316@icloud.com
317,Ella,Harris,1992-01-13,director.ella.harris.317@icloud.com
318,Abigail,Lee,1978-05-11,director.abigail.lee.318@icloud.com
319,Taylor,Brown,1966-08-14,director.taylor.brown.319@outlook.com
320,Charlotte,Campbell,1962-09-22,director.charlotte.campbell.320@hotmail.com
321,Grace,Gonzalez,1980-01-14,director.grace.gonzalez.321@outlook.com
322,Andrew,Smith,1995-08-12,director.andrew.smith.322@gmail.com
323,Alex,Carter,1981-09-16,director.alex.carter.323@gmail.com
324,Cameron,Jackson,1988-02-28,director.cameron.jackson.324@gmail.com
325,Grace,Martinez,1995-08-21,director.grace.martinez.325@gmail.com
326,Nathan,Mitchell,1975-05-25,director.nathan.mitchell.326@proton.me
327,Samuel,Lee,1986-11-02,director.samuel.lee.327@hotmail.com
328,Chloe,Garcia,1972-09-24,director.chloe.garcia.328@hotmail.com
329,Alexander,Reed,1988-10-13,director.alexander.reed.329@yahoo.com
330,Morgan,Martinez,1976-05-25,director.morgan.martinez.330@proton.me
331,Elijah,Harris,1986-02-02,director.elijah.harris.331@icloud.com
332,Dakota,Anderson,1986-07-06,director.dakota.anderson.332@yahoo.com
333,Abigail,Collins,1988-02-28,director.abigail.collins.333@gmail.com
334,Amelia,Cook,1985-08-10,director.amelia.cook.334@proton.me
335,Daniel,Turner,1985-01-25,director.daniel.turner.335@gmail.com
336,Emily,Adams,1966-04-19,director.emily.adams.336@hotmail.com
337,Charlotte,Anderson,1983-06-09,director.charlotte.anderson.337@icloud.com
338,Skyler,Carter,1965-08-10,director.skyler.carter.338@icloud.com
339,Parker,Nguyen,1975-02-21,director.parker.nguyen.339@icloud.com
340,Emma,Smith,1993-06-02,director.emma.smith.340@outlook.com
341,Zoe,Perez,1963-09-01,director.zoe.perez.341@outlook.com
342,Charlotte,Smith,1990-05-06,director.charlotte.smith.342@proton.me
343,Logan,Mitchell,1987-03-09,director.logan.mitchell.343@icloud.com
344,Mia,Anderson,1968-05-14,director.mia.anderson.344@hotmail.com
345,Morgan,Harris,1957-11-20,director.morgan.harris.345@yahoo.com
346,Alex,King,1979-09-25,director.alex.king.346@hotmail.com
347,Noah,Carter,1961-10-16,director.noah.carter.347@hotmail.com
348,Jordan,Lee,1976-11-18,director.jordan.lee.348@hotmail.com
349,Dakota,Bell,1981-09-07,director.dakota.bell.349@gmail.com
350,Andrew,Lewis,1972-09-25,director.andrew.lewis.350@gmail.com
351,Jamie,Martin,1954-02-22,director.jamie.martin.351@yahoo.com
352,Liam,Young,1965-01-23,director.liam.young.352@gmail.com
353,Andrew,Anderson,1978-04-21,director.andrew.anderson.353@proton.me
354,Evelyn,White,1956-11-14,director.evelyn.white.354@gmail.com
355,Samuel,Anderson,1964-07-11,director.samuel.anderson.355@proton.me
356,Sophia,Garcia,1981-05-01,director.sophia.garcia.356@icloud.com
357,Samuel,Jackson,1972-11-06,director.samuel.jackson.357@gmail.com
358,Ella,Young,1966-06-23,director.ella.young.358@hotmail.com
359,Amelia,Hall,1966-01-22,director.amelia.hall.359@outlook.com
360,Jacob,Taylor,1971-01-28,director.jacob.taylor.360@gmail.com
361,Ethan,Adams,1962-08-23,director.ethan.adams.361@hotmail.com
362,Henry,Adams,1969-10-17,director.henry.adams.362@icloud.com
363,William,Scott,1970-07-12,director.william.scott.363@outlook.com
364,Quinn,Smith,1980-01-13,director.quinn.smith.364@icloud.com
365,Quinn,Carter,1995-05-22,director.quinn.carter.365@yahoo.com
366,Casey,Garcia,1969-12-11,director.casey.garcia.366@yahoo.com
367,Isabella,Thompson,1978-07-15,director.isabella.thompson.367@gmail.com
368,Taylor,Rogers,1959-11-12,director.taylor.rogers.368@proton.me
369,Nathan,Carter,1971-06-28,director.nathan.carter.369@outlook.com
370,Noah,Allen,1985-09-10,director.noah.allen.370@outlook.com
371,Harper,Young,1965-03-04,director.harper.young.371@gmail.com
372,Sophia,Turner,1954-12-20,director.sophia.turner.372@proton.me
373,Amelia,Wright,1968-04-21,director.amelia.wright.373@yahoo.com
374,Nathan,Young,1973-03-26,director.nathan.young.374@proton.me
375,Reese,Gonzalez,1970-12-16,director.reese.gonzalez.375@outlook.com
376,Nathan,Clark,1977-01-06,director.nathan.clark.376@proton.me
377,Andrew,Edwards,1962-01-13,director.andrew.edwards.377@yahoo.com
378,Alexander,Rogers,1952-11-01,director.alexander.rogers.378@yahoo.com
379,Evelyn,Cook,1981-06-09,director.evelyn.cook.379@proton.me
380,Jamie,Walker,1982-11-18,director.jamie.walker.380@yahoo.com
381,Jordan,Jackson,1994-10-05,director.jordan.jackson.381@icloud.com
382,Emma,Scott,1958-06-05,director.emma.scott.382@gmail.com
383,Alex,Mitchell,1960-08-08,director.alex.mitchell.383@gmail.com
384,William,Campbell,1962-02-23,director.william.campbell.384@proton.me
385,Jordan,Collins,1980-06-23,director.jordan.collins.385@gmail.com
386,Samuel,Anderson,1971-02-21,director.samuel.anderson.386@icloud.com
387,Cameron,Brown,1961-04-27,director.cameron.brown.387@hotmail.com
388,Sophia,Murphy,1987-03-05,director.sophia.murphy.388@gmail.com
389,Michael,Stewart,1986-12-26,director.michael.stewart.389@outlook.com
390,Samuel,Rogers,1956-08-20,director.samuel.rogers.390@gmail.com
391,Liam,Clark,1960-04-02,director.liam.clark.391@outlook.com
392,Taylor,Adams,1955-06-09,director.taylor.adams.392@proton.me
393,Jamie,Hill,1974-01-09,director.jamie.hill.393@outlook.com
394,Rowan,Anderson,1995-02-02,director.rowan.anderson.394@hotmail.com
395,Sophia,Hall,1978-02-10,director.sophia.hall.395@gmail.com
396,Ethan,Green,1988-02-06,director.ethan.green.396@gmail.com
397,Mason,Sanchez,1979-12-09,director.mason.sanchez.397@outlook.com
398,Casey,Perez,1955-09-22,director.casey.perez.398@hotmail.com
399,Jamie,Thomas,1992-12-24,director.jamie.thomas.399@gmail.com
400,Harper,Hill,1966-06-22,director.harper.hill.400@outlook.com
401,Abigail,Young,1966-05-25,director.abigail.young.401@yahoo.com
402,Alexander,Taylor,1967-12-11,director.alexander.taylor.402@proton.me
403,Quinn,Wright,1967-10-08,director.quinn.wright.403@gmail.com
404,Skyler,Hall,1988-05-14,director.skyler.hall.404@icloud.com
405,Mason,Anderson,1954-06-07,director.mason.anderson.405@proton.me
406,Ella,Collins,1981-02-21,director.ella.collins.406@icloud.com
407,Samuel,Martinez,1966-06-23,director.samuel.martinez.407@icloud.com
408,Ethan,Morgan,1955-12-15,director.ethan.morgan.408@gmail.com
409,Olivia,Thompson,1951-05-15,director.olivia.thompson.409@icloud.com
410,Casey,King,1994-11-08,director.casey.king.410@hotmail.com
411,Grace,Brown,1952-02-23,director.grace.brown.411@yahoo.com
412,Casey,Johnson,1951-05-11,director.casey.johnson.412@yahoo.com
413,James,Gonzalez,1993-06-18,director.james.gonzalez.413@yahoo.com
414,Amelia,Johnson,1986-06-15,director.amelia.johnson.414@outlook.com
415,Jordan,White,1992-07-20,director.jordan.white.415@yahoo.com
416,Lucas,Allen,1980-05-04,director.lucas.allen.416@icloud.com
417,Michael,Evans,1976-07-14,director.michael.evans.417@hotmail.com
418,Evelyn,Smith,1971-04-21,director.evelyn.smith.418@outlook.com
419,Noah,Parker,1968-11-11,director.noah.parker.419@outlook.com
420,Henry,Lee,1977-01-22,director.henry.lee.420@icloud.com
421,Evelyn,Turner,1965-02-06,director.evelyn.turner.421@hotmail.com
422,Charlotte,Walker,1995-12-24,director.charlotte.walker.422@outlook.com
423,Mason,Jackson,1961-12-18,director.mason.jackson.423@outlook.com
424,Olivia,Turner,1981-01-06,director.olivia.turner.424@gmail.com
425,Rowan,Perez,1989-11-21,director.rowan.perez.425@gmail.com
426,Hannah,Morris,1968-04-17,director.hannah.morris.426@icloud.com
427,Elijah,Thompson,1986-03-10,director.elijah.thompson.427@outlook.com
428,Benjamin,Anderson,1992-08-12,director.benjamin.anderson.428@outlook.com
429,Elijah,Turner,1961-01-17,director.elijah.turner.429@proton.me
430,Abigail,Torres,1975-01-27,director.abigail.torres.430@icloud.com
431,Alex,Carter,1956-05-07,director.alex.carter.431@outlook.com
432,Harper,Morgan,1995-05-23,director.harper.morgan.432@gmail.com
433,Harper,Allen,1975-05-11,director.harper.allen.433@icloud.com
434,Jamie,Harris,1958-10-06,director.jamie.harris.434@icloud.com
435,Henry,Jackson,1965-02-11,director.henry.jackson.435@outlook.com
436,Taylor,Parker,1958-05-10,director.taylor.parker.436@gmail.com
437,Avery,Baker,1960-04-17,director.avery.baker.437@proton.me
438,Jacob,Torres,1971-03-01,director.jacob.torres.438@yahoo.com
439,Avery,Adams,1976-01-20,director.avery.adams.439@icloud.com
440,Reese,Brown,1975-07-05,director.reese.brown.440@yahoo.com
441,Isabella,Taylor,1971-08-12,director.isabella.taylor.441@yahoo.com
442,Alexander,Thomas,1963-09-01,director.alexander.thomas.442@yahoo.com
443,Benjamin,Parker,1953-07-03,director.benjamin.parker.443@icloud.com
444,Riley,Rogers,1950-07-03,director.riley.rogers.444@icloud.com
445,Dakota,Scott,1980-09-09,director.dakota.scott.445@gmail.com
446,Daniel,Wright,1993-10-24,director.daniel.wright.446@yahoo.com
447,Sophia,Clark,1968-04-07,director.sophia.clark.447@proton.me
448,Alex,Rogers,1982-03-25,director.alex.rogers.448@yahoo.com
449,Casey,Reed,1971-05-11,director.casey.reed.449@yahoo.com
450,Ella,Martinez,1989-12-03,director.ella.martinez.450@yahoo.com
451,Benjamin,Phillips,1990-04-03,director.benjamin.phillips.451@outlook.com
452,Hannah,Perez,1966-08-07,director.hannah.perez.452@hotmail.com
453,Andrew,White,1967-09-24,director.andrew.white.453@hotmail.com
454,Rowan,King,1995-02-10,director.rowan.king.454@hotmail.com
455,Skyler,Turner,1954-06-04,director.skyler.turner.455@proton.me
456,Avery,Campbell,1992-03-12,director.avery.campbell.456@gmail.com
457,Hannah,Murphy,1963-03-10,director.hannah.murphy.457@proton.me
458,Zoe,Adams,1976-02-04,director.zoe.adams.458@hotmail.com
459,Daniel,Phillips,1980-03-24,director.daniel.phillips.459@hotmail.com
460,Dakota,Johnson,1963-02-07,director.dakota.johnson.460@gmail.com
461,Daniel,Hill,1983-04-01,director.daniel.hill.461@outlook.com
462,William,Green,1983-02-24,director.william.green.462@yahoo.com
463,Mia,Nguyen,1968-04-28,director.mia.nguyen.463@proton.me
464,Emily,Mitchell,1983-09-15,director.emily.mitchell.464@proton.me
465,Sophia,Torres,1961-10-24,director.sophia.torres.465@hotmail.com
466,Mia,Young,1965-02-02,director.mia.young.466@yahoo.com
467,Olivia,Reed,1961-02-10,director.olivia.reed.467@hotmail.com
468,Lily,Hall,1953-09-27,director.lily.hall.468@outlook.com
469,Dakota,Perez,1993-01-28,director.dakota.perez.469@hotmail.com
470,Charlotte,Harris,1978-11-22,director.charlotte.harris.470@yahoo.com
471,Zoe,Cook,1966-03-16,director.zoe.cook.471@outlook.com
472,Chloe,Harris,1968-05-17,director.chloe.harris.472@gmail.com
473,Charlotte,Roberts,1955-03-04,director.charlotte.roberts.473@hotmail.com
474,Quinn,Scott,1989-02-25,director.quinn.scott.474@proton.me
475,Mia,Gonzalez,1960-12-13,director.mia.gonzalez.475@hotmail.com
476,Michael,Turner,1963-07-05,director.michael.turner.476@proton.me
477,Harper,Jackson,1957-02-10,director.harper.jackson.477@icloud.com
478,Skyler,Smith,1979-09-26,director.skyler.smith.478@icloud.com
479,Parker,Martinez,1982-01-21,director.parker.martinez.479@hotmail.com
480,Reese,Brown,1981-04-18,director.reese.brown.480@proton.me
481,Benjamin,Anderson,1992-02-08,director.benjamin.anderson.481@yahoo.com
482,Logan,Allen,1972-10-12,director.logan.allen.482@yahoo.com
483,Avery,Lee,1964-05-01,director.avery.lee.483@hotmail.com
484,Isabella,Hall,1994-06-25,director.isabella.hall.484@proton.me
485,Benjamin,Harris,1994-06-05,director.benjamin.harris.485@proton.me
486,Reese,Garcia,1987-09-25,director.reese.garcia.486@yahoo.com
487,Noah,Edwards,1952-03-16,director.noah.edwards.487@icloud.com
488,Mason,Cook,1954-04-23,director.mason.cook.488@proton.me
489,Emma,Perez,1981-05-19,director.emma.perez.489@yahoo.com
490,William,Garcia,1987-03-03,director.william.garcia.490@hotmail.com
491,Michael,Torres,1963-02-07,director.michael.torres.491@proton.me
492,Parker,Garcia,1986-12-04,director.parker.garcia.492@gmail.com
493,Amelia,Brown,1984-05-08,director.amelia.brown.493@proton.me
494,Alexander,Thomas,1988-09-01,director.alexander.thomas.494@outlook.com
495,Jacob,Scott,1954-04-19,director.jacob.scott.495@gmail.com
496,Hannah,Morgan,1978-04-12,director.hannah.morgan.496@outlook.com
497,Grace,Wright,1981-06-07,director.grace.wright.497@icloud.com
498,Taylor,Jackson,1951-07-10,director.taylor.jackson.498@gmail.com
499,William,Taylor,1980-08-07,director.william.taylor.499@proton.me
500,Skyler,Walker,1961-09-09,director.skyler.walker.500@outlook.com
501,Reese,Thomas,1974-09-07,director.reese.thomas.501@outlook.com
502,Skyler,Allen,1979-06-18,director.skyler.allen.502@icloud.com
503,Benjamin,Scott,1989-11-22,director.benjamin.scott.503@proton.me
504,Chloe,Walker,1980-03-15,director.chloe.walker.504@yahoo.com
505,Nathan,Lewis,1951-07-08,director.nathan.lewis.505@outlook.com
506,Dakota,Johnson,1968-10-27,director.dakota.johnson.506@gmail.com
507,Zoe,Roberts,1950-05-18,director.zoe.roberts.507@yahoo.com
508,Ella,Turner,1989-09-19,director.ella.turner.508@yahoo.com
509,Olivia,Perez,1952-06-22,director.olivia.perez.509@yahoo.com
510,Emily,Morgan,1987-12-11,director.emily.morgan.510@icloud.com
511,Chloe,Anderson,1988-07-14,director.chloe.anderson.511@yahoo.com
512,Amelia,Martin,1995-04-13,director.amelia.martin.512@proton.me
513,Ella,Rogers,1991-11-20,director.ella.rogers.513@proton.me
514,Morgan,Rogers,1974-02-08,director.morgan.rogers.514@icloud.com
515,Benjamin,Taylor,1994-03-12,director.benjamin.taylor.515@gmail.com
516,Zoe,Jackson,1963-05-06,director.zoe.jackson.516@proton.me
517,Jamie,Evans,1991-10-01,director.jamie.evans.517@gmail.com
518,Elijah,Rogers,1984-09-25,director.elijah.rogers.518@outlook.com
519,Parker,Bell,1982-09-10,director.parker.bell.519@gmail.com
520,Skyler,Collins,1951-11-14,director.skyler.collins.520@yahoo.com
521,Amelia,Jackson,1969-01-24,director.amelia.jackson.521@yahoo.com
522,Amelia,Anderson,1954-06-01,director.amelia.anderson.522@icloud.com
523,Reese,Lewis,1952-12-09,director.reese.lewis.523@yahoo.com
524,Dakota,Rogers,1995-04-10,director.dakota.rogers.524@outlook.com
525,Chloe,Stewart,1991-08-08,director.chloe.stewart.525@yahoo.com
526,Alexander,Sanchez,1962-04-08,director.alexander.sanchez.526@gmail.com
527,Evelyn,Baker,1958-04-23,director.evelyn.baker.527@yahoo.com
528,Taylor,Hill,1982-07-22,director.taylor.hill.528@proton.me
529,Mia,Turner,1966-03-24,director.mia.turner.529@icloud.com
530,Alexander,Murphy,1979-08-06,director.alexander.murphy.530@gmail.com
531,Samuel,White,1975-09-01,director.samuel.white.531@hotmail.com
532,Ethan,Scott,1995-05-09,director.ethan.scott.532@proton.me
533,Daniel,Collins,1952-05-03,director.daniel.collins.533@icloud.com
534,Samuel,Harris,1961-03-06,director.samuel.harris.534@hotmail.com
535,Grace,Clark,1974-08-28,director.grace.clark.535@yahoo.com
536,Skyler,Collins,1963-02-01,director.skyler.collins.536@outlook.com
537,Dakota,Smith,1987-10-19,director.dakota.smith.537@outlook.com
538,Chloe,Adams,1989-03-03,director.chloe.adams.538@gmail.com
539,Jamie,Cook,1953-07-05,director.jamie.cook.539@yahoo.com
540,Quinn,Young,1964-08-07,director.quinn.young.540@gmail.com
541,Harper,Collins,1982-06-17,director.harper.collins.541@yahoo.com
542,Harper,Morris,1952-06-22,director.harper.morris.542@icloud.com
543,Mia,Rogers,1969-08-09,director.mia.rogers.543@outlook.com
544,Dakota,Thomas,1958-08-18,director.dakota.thomas.544@yahoo.com
545,Liam,Turner,1977-03-05,director.liam.turner.545@yahoo.com
546,Andrew,Bell,1954-08-05,director.andrew.bell.546@hotmail.com
547,Reese,Phillips,1956-08-03,director.reese.phillips.547@proton.me
548,Mason,Hall,1977-10-23,director.mason.hall.548@yahoo.com
549,Daniel,Wright,1987-01-25,director.daniel.wright.549@icloud.com
550,Reese,Brown,1966-06-28,director.reese.brown.550@hotmail.com
551,Taylor,Clark,1984-12-09,director.taylor.clark.551@outlook.com
552,Harper,Evans,1960-02-23,director.harper.evans.552@proton.me
553,Zoe,Martinez,1959-06-16,director.zoe.martinez.553@yahoo.com
554,Reese,Hall,1960-06-28,director.reese.hall.554@icloud.com
555,Skyler,Torres,1973-08-23,director.skyler.torres.555@yahoo.com
556,Nathan,Hill,1956-02-09,director.nathan.hill.556@yahoo.com
557,Samuel,Cook,1959-04-27,director.samuel.cook.557@gmail.com
558,Jacob,Turner,1970-01-19,director.jacob.turner.558@yahoo.com
559,Riley,Roberts,1969-02-15,director.riley.roberts.559@outlook.com
560,Reese,Nguyen,1989-04-08,director.reese.nguyen.560@hotmail.com
561,Logan,Young,1975-05-19,director.logan.young.561@proton.me
562,Abigail,Stewart,1976-04-04,director.abigail.stewart.562@yahoo.com
563,Michael,White,1967-04-08,director.michael.white.563@icloud.com
564,Liam,Morris,1950-12-13,director.liam.morris.564@proton.me
565,Quinn,Johnson,1974-01-08,director.quinn.johnson.565@gmail.com
566,William,Evans,1984-10-10,director.william.evans.566@yahoo.com
567,Harper,Bell,1991-10-25,director.harper.bell.567@outlook.com
568,Mia,Thomas,1967-08-10,director.mia.thomas.568@outlook.com
569,Noah,Hill,1986-03-09,director.noah.hill.569@outlook.com
570,Charlotte,Evans,1976-11-23,director.charlotte.evans.570@proton.me
571,Avery,Gonzalez,1975-10-05,director.avery.gonzalez.571@hotmail.com
572,Jamie,Stewart,1977-04-26,director.jamie.stewart.572@outlook.com
573,Ethan,Bell,1969-09-19,director.ethan.bell.573@gmail.com
574,William,Carter,1969-08-21,director.william.carter.574@outlook.com
575,Casey,Murphy,1980-02-15,director.casey.murphy.575@outlook.com
576,Ethan,Scott,1964-10-18,director.ethan.scott.576@yahoo.com
577,Sophia,Harris,1952-06-26,director.sophia.harris.577@hotmail.com
578,Emma,Bell,1995-02-26,director.emma.bell.578@proton.me
579,Olivia,Edwards,1990-03-13,director.olivia.edwards.579@outlook.com
580,Logan,Walker,1961-02-05,director.logan.walker.580@hotmail.com
581,Jordan,Campbell,1956-02-09,director.jordan.campbell.581@proton.me
582,Casey,Gonzalez,1995-12-04,director.casey.gonzalez.582@outlook.com
583,Lily,Jackson,1968-01-17,director.lily.jackson.583@outlook.com
584,Abigail,Campbell,1966-03-07,director.abigail.campbell.584@gmail.com
585,Hannah,Wright,1957-09-10,director.hannah.wright.585@gmail.com
586,Grace,Roberts,1971-02-11,director.grace.roberts.586@gmail.com
587,Alex,Hill,1967-02-17,director.alex.hill.587@outlook.com
588,Jamie,Turner,1967-06-26,director.jamie.turner.588@icloud.com
589,Grace,Mitchell,1980-06-04,director.grace.mitchell.589@icloud.com
590,Skyler,Collins,1979-03-16,director.skyler.collins.590@outlook.com
591,Sophia,Rogers,1970-04-03,director.sophia.rogers.591@yahoo.com
592,Reese,Lewis,1990-09-26,director.reese.lewis.592@outlook.com
593,Jamie,Evans,1966-01-23,director.jamie.evans.593@icloud.com
594,Michael,Lewis,1993-06-27,director.michael.lewis.594@outlook.com
595,Noah,Garcia,1983-11-23,director.noah.garcia.595@icloud.com
596,Skyler,Reed,1981-10-03,director.skyler.reed.596@proton.me
597,Morgan,Hill,1984-06-15,director.morgan.hill.597@hotmail.com
598,Noah,Roberts,1974-07-25,director.noah.roberts.598@gmail.com
599,Logan,Adams,1977-10-17,director.logan.adams.599@gmail.com
600,Zoe,Turner,1974-08-23,director.zoe.turner.600@hotmail.com
601,Parker,Perez,1990-12-23,director.parker.perez.601@gmail.com
602,Emily,Clark,1990-06-09,director.emily.clark.602@yahoo.com
603,Zoe,Lewis,1989-02-04,director.zoe.lewis.603@proton.me
604,Evelyn,King,1975-03-28,director.evelyn.king.604@hotmail.com
605,Dakota,Murphy,1984-11-14,director.dakota.murphy.605@gmail.com
606,Skyler,Johnson,1981-11-08,director.skyler.johnson.606@outlook.com
607,Grace,Johnson,1994-05-14,director.grace.johnson.607@outlook.com
608,Harper,Rogers,1956-05-01,director.harper.rogers.608@yahoo.com
609,Nathan,Wright,1957-01-03,director.nathan.wright.609@icloud.com
610,Amelia,Johnson,1982-10-27,director.amelia.johnson.610@outlook.com
611,Sophia,Smith,1978-11-19,director.sophia.smith.611@gmail.com
612,Abigail,Morris,1971-06-15,director.abigail.morris.612@gmail.com
613,Ella,Green,1955-05-15,director.ella.green.613@icloud.com
614,Reese,Hall,1990-06-14,director.reese.hall.614@icloud.com
615,Dakota,Harris,1969-06-26,director.dakota.harris.615@icloud.com
616,Jamie,Sanchez,1985-11-02,director.jamie.sanchez.616@proton.me
617,Harper,Thomas,1983-04-17,director.harper.thomas.617@outlook.com
618,Cameron,Roberts,1959-10-26,director.cameron.roberts.618@outlook.com
619,Rowan,Anderson,1980-02-09,director.rowan.anderson.619@proton.me
620,Emily,Garcia,1975-06-28,director.emily.garcia.620@outlook.com
621,Morgan,Martinez,1985-04-27,director.morgan.martinez.621@hotmail.com
622,Jamie,Scott,1953-11-23,director.jamie.scott.622@hotmail.com
623,William,Thomas,1981-06-20,director.william.thomas.623@icloud.com
624,Chloe,Taylor,1964-10-28,director.chloe.taylor.624@hotmail.com
625,Ethan,Morgan,1992-06-28,director.ethan.morgan.625@hotmail.com
626,Nathan,Thompson,1993-09-03,director.nathan.thompson.626@hotmail.com
627,Michael,Collins,1974-12-21,director.michael.collins.627@outlook.com
628,Taylor,Clark,1953-10-25,director.taylor.clark.628@proton.me
629,William,Lewis,1958-03-19,director.william.lewis.629@yahoo.com
630,Lily,Carter,1995-01-08,director.lily.carter.630@proton.me
631,Michael,Allen,1987-12-19,director.michael.allen.631@yahoo.com
632,Mason,Young,1978-07-23,director.mason.young.632@proton.me
633,Skyler,Phillips,1993-01-25,director.skyler.phillips.633@hotmail.com
634,James,Baker,1992-09-02,director.james.baker.634@hotmail.com
635,Skyler,Garcia,1973-03-24,director.skyler.garcia.635@hotmail.com
636,Evelyn,Nguyen,1952-02-11,director.evelyn.nguyen.636@proton.me
637,Ella,Thomas,1979-05-13,director.ella.thomas.637@hotmail.com
638,Cameron,Hall,1986-05-03,director.cameron.hall.638@yahoo.com
639,Lucas,Scott,1978-06-08,director.lucas.scott.639@proton.me
640,Parker,Lewis,1957-12-06,director.parker.lewis.640@yahoo.com
641,Daniel,White,1959-03-21,director.daniel.white.641@hotmail.com
642,Ella,Roberts,1985-09-20,director.ella.roberts.642@yahoo.com
643,Riley,Morris,1950-01-02,director.riley.morris.643@hotmail.com
644,Jacob,Edwards,1971-08-24,director.jacob.edwards.644@hotmail.com
645,Benjamin,Morris,1976-09-05,director.benjamin.morris.645@icloud.com
646,Michael,Martin,1981-08-28,director.michael.martin.646@proton.me
647,Alex,Johnson,1951-09-02,director.alex.johnson.647@proton.me
648,Logan,White,1959-10-01,director.logan.white.648@gmail.com
649,Ethan,King,1970-04-21,director.ethan.king.649@hotmail.com
650,Dakota,Bell,1959-09-14,director.dakota.bell.650@icloud.com
651,Sophia,Baker,1987-03-07,director.sophia.baker.651@icloud.com
652,Mason,Walker,1982-01-21,director.mason.walker.652@outlook.com
653,Skyler,Scott,1967-12-07,director.skyler.scott.653@yahoo.com
654,Dakota,Torres,1958-09-13,director.dakota.torres.654@yahoo.com
655,Chloe,Parker,1994-06-23,director.chloe.parker.655@outlook.com
656,Skyler,Wright,1959-10-26,director.skyler.wright.656@hotmail.com
657,Michael,Rogers,1993-06-15,director.michael.rogers.657@outlook.com
658,Michael,Parker,1987-02-14,director.michael.parker.658@outlook.com
659,Elijah,Edwards,1984-01-25,director.elijah.edwards.659@gmail.com
660,Rowan,Gonzalez,1953-06-24,director.rowan.gonzalez.660@proton.me
661,Skyler,Parker,1958-11-21,director.skyler.parker.661@yahoo.com
662,Lucas,Mitchell,1956-07-15,director.lucas.mitchell.662@proton.me
663,Harper,Martinez,1958-05-04,director.harper.martinez.663@icloud.com
664,Dakota,Lee,1994-01-24,director.dakota.lee.664@proton.me
665,Lucas,Nguyen,1993-07-07,director.lucas.nguyen.665@icloud.com
666,Nathan,Martin,1979-03-05,director.nathan.martin.666@yahoo.com
667,Daniel,Nguyen,1962-02-15,director.daniel.nguyen.667@outlook.com
668,Lucas,Carter,1981-01-08,director.lucas.carter.668@outlook.com
669,Mason,Gonzalez,1992-10-23,director.mason.gonzalez.669@yahoo.com
670,Abigail,Scott,1961-04-17,director.abigail.scott.670@gmail.com
671,Abigail,Wright,1958-08-16,director.abigail.wright.671@hotmail.com
672,Rowan,Mitchell,1982-06-16,director.rowan.mitchell.672@proton.me
673,Zoe,Hall,1982-02-02,director.zoe.hall.673@gmail.com
674,Rowan,Thompson,1963-07-18,director.rowan.thompson.674@yahoo.com
675,Ella,Hall,1984-07-25,director.ella.hall.675@outlook.com
676,Taylor,Wright,1971-05-05,director.taylor.wright.676@hotmail.com
677,Parker,Thompson,1983-04-11,director.parker.thompson.677@yahoo.com
678,Andrew,Baker,1993-10-07,director.andrew.baker.678@outlook.com
679,Abigail,Hall,1990-06-25,director.abigail.hall.679@outlook.com
680,Chloe,Smith,1965-08-19,director.chloe.smith.680@yahoo.com
681,Reese,Turner,1963-11-25,director.reese.turner.681@outlook.com
682,Harper,Campbell,1963-01-20,director.harper.campbell.682@yahoo.com
683,Charlotte,Walker,1956-10-19,director.charlotte.walker.683@yahoo.com
684,Emma,Roberts,1950-06-23,director.emma.roberts.684@icloud.com
685,Ethan,Collins,1969-03-04,director.ethan.collins.685@yahoo.com
686,Amelia,Collins,1958-03-11,director.amelia.collins.686@hotmail.com
687,Andrew,Collins,1965-04-06,director.andrew.collins.687@icloud.com
688,Chloe,Reed,1980-02-09,director.chloe.reed.688@outlook.com
689,Daniel,Martin,1992-10-24,director.daniel.martin.689@icloud.com
690,Benjamin,Harris,1968-07-14,director.benjamin.harris.690@hotmail.com
691,Morgan,Evans,1976-07-22,director.morgan.evans.691@yahoo.com
692,Logan,Hill,1956-06-07,director.logan.hill.692@proton.me
693,Zoe,Torres,1988-08-11,director.zoe.torres.693@proton.me
694,Liam,Mitchell,1977-03-18,director.liam.mitchell.694@gmail.com
695,Jordan,Torres,1989-07-06,director.jordan.torres.695@proton.me
696,Michael,Taylor,1967-12-10,director.michael.taylor.696@proton.me
697,Samuel,Sanchez,1983-11-09,director.samuel.sanchez.697@yahoo.com
698,Cameron,Roberts,1994-09-10,director.cameron.roberts.698@outlook.com
699,Samuel,Thompson,1960-09-16,director.samuel.thompson.699@hotmail.com
700,Lucas,Parker,1967-03-25,director.lucas.parker.700@outlook.com
701,Quinn,Young,1954-01-07,director.quinn.young.701@gmail.com
702,Sophia,Garcia,1995-03-11,director.sophia.garcia.702@yahoo.com
703,Reese,Martin,1966-11-05,director.reese.martin.703@hotmail.com
704,James,Cook,1990-10-13,director.james.cook.704@hotmail.com
705,William,Martinez,1991-10-09,director.william.martinez.705@yahoo.com
706,Skyler,Harris,1988-09-17,director.skyler.harris.706@gmail.com
707,Casey,Edwards,1963-12-22,director.casey.edwards.707@hotmail.com
708,Abigail,Taylor,1952-04-26,director.abigail.taylor.708@hotmail.com
709,Grace,Bell,1967-09-24,director.grace.bell.709@gmail.com
710,Charlotte,Morgan,1951-10-15,director.charlotte.morgan.710@outlook.com
711,Ella,Torres,1952-08-23,director.ella.torres.711@icloud.com
712,Grace,Lewis,1961-04-14,director.grace.lewis.712@outlook.com
713,Morgan,Edwards,1985-01-13,director.morgan.edwards.713@hotmail.com
714,Mia,Smith,1993-10-07,director.mia.smith.714@outlook.com
715,Olivia,Reed,1951-04-17,director.olivia.reed.715@hotmail.com
716,Daniel,Roberts,1985-10-04,director.daniel.roberts.716@yahoo.com
717,Logan,Stewart,1984-04-07,director.logan.stewart.717@outlook.com
718,Nathan,Parker,1960-10-13,director.nathan.parker.718@hotmail.com
719,Jordan,Edwards,1973-05-06,director.jordan.edwards.719@yahoo.com
720,Michael,Scott,1971-06-14,director.michael.scott.720@yahoo.com
721,Emily,Jackson,1961-11-08,director.emily.jackson.721@icloud.com
722,Ethan,Harris,1981-10-21,director.ethan.harris.722@outlook.com
723,Alexander,Turner,1963-08-26,director.alexander.turner.723@hotmail.com
724,Chloe,Jackson,1969-05-26,director.chloe.jackson.724@hotmail.com
725,Avery,Phillips,1953-03-16,director.avery.phillips.725@outlook.com
726,Casey,Perez,1968-01-01,director.casey.perez.726@icloud.com
727,Evelyn,Garcia,1986-10-15,director.evelyn.garcia.727@yahoo.com
728,Nathan,Bell,1980-05-08,director.nathan.bell.728@icloud.com
729,Rowan,Smith,1969-04-14,director.rowan.smith.729@proton.me
730,Jamie,Harris,1968-09-09,director.jamie.harris.730@icloud.com
731,Noah,King,1991-11-20,director.noah.king.731@hotmail.com
732,Riley,Young,1955-07-13,director.riley.young.732@icloud.com
733,Isabella,Gonzalez,1995-10-12,director.isabella.gonzalez.733@outlook.com
734,Liam,Baker,1966-10-17,director.liam.baker.734@yahoo.com
735,Benjamin,Bell,1995-03-03,director.benjamin.bell.735@proton.me
736,Amelia,Collins,1978-03-20,director.amelia.collins.736@yahoo.com
737,Ethan,Thomas,1958-11-21,director.ethan.thomas.737@outlook.com
738,Ella,Perez,1972-11-20,director.ella.perez.738@proton.me
739,Sophia,Hill,1958-12-11,director.sophia.hill.739@hotmail.com
740,Andrew,Thomas,1993-03-25,director.andrew.thomas.740@yahoo.com
741,Ethan,Thomas,1995-12-16,director.ethan.thomas.741@icloud.com
742,Parker,King,1954-08-16,director.parker.king.742@proton.me
743,Charlotte,Green,1988-05-18,director.charlotte.green.743@gmail.com
744,Cameron,Phillips,1969-07-07,director.cameron.phillips.744@gmail.com
745,Andrew,Stewart,1987-04-05,director.andrew.stewart.745@gmail.com
746,Jacob,Parker,1955-04-04,director.jacob.parker.746@gmail.com
747,Daniel,Brown,1965-11-18,director.daniel.brown.747@yahoo.com
748,Taylor,Cook,1977-02-16,director.taylor.cook.748@outlook.com
749,Alex,Gonzalez,1971-02-03,director.alex.gonzalez.749@outlook.com
750,Daniel,Martin,1985-01-12,director.daniel.martin.750@yahoo.com
751,Quinn,Carter,1970-03-23,director.quinn.carter.751@yahoo.com
752,Ella,Jackson,1974-10-14,director.ella.jackson.752@outlook.com
753,Abigail,Cook,1950-06-01,director.abigail.cook.753@yahoo.com
754,William,Martinez,1990-06-16,director.william.martinez.754@yahoo.com
755,Nathan,Hall,1986-12-19,director.nathan.hall.755@hotmail.com
756,Lily,Carter,1958-11-17,director.lily.carter.756@yahoo.com
757,Ella,Carter,1983-06-16,director.ella.carter.757@proton.me
758,William,Garcia,1972-08-05,director.william.garcia.758@yahoo.com
759,Skyler,Anderson,1980-12-24,director.skyler.anderson.759@gmail.com
760,Reese,White,1969-07-05,director.reese.white.760@gmail.com
761,Elijah,Carter,1959-02-15,director.elijah.carter.761@yahoo.com
762,Parker,Roberts,1962-02-11,director.parker.roberts.762@yahoo.com
763,Elijah,Sanchez,1953-04-28,director.elijah.sanchez.763@icloud.com
764,Mia,Martin,1969-02-01,director.mia.martin.764@proton.me
765,Zoe,Rogers,1995-01-02,director.zoe.rogers.765@icloud.com
766,Emma,Lee,1977-12-13,director.emma.lee.766@proton.me
767,James,Baker,1959-05-18,director.james.baker.767@yahoo.com
768,Hannah,Young,1976-02-23,director.hannah.young.768@hotmail.com
769,Mason,Hill,1989-02-21,director.mason.hill.769@yahoo.com
770,Evelyn,Edwards,1962-01-08,director.evelyn.edwards.770@icloud.com
771,Ethan,Lee,1950-02-07,director.ethan.lee.771@hotmail.com
772,Avery,Lee,1968-08-06,director.avery.lee.772@yahoo.com
773,Noah,Green,1959-02-26,director.noah.green.773@gmail.com
774,Taylor,Campbell,1982-10-28,director.taylor.campbell.774@yahoo.com
775,Noah,Gonzalez,1976-12-25,director.noah.gonzalez.775@hotmail.com
776,Emma,Johnson,1976-06-01,director.emma.johnson.776@hotmail.com
777,Lucas,Mitchell,1991-02-28,director.lucas.mitchell.777@outlook.com
778,Rowan,Nguyen,1994-03-23,director.rowan.nguyen.778@icloud.com
779,Jordan,Edwards,1973-11-03,director.jordan.edwards.779@gmail.com
780,James,Turner,1975-08-21,director.james.turner.780@gmail.com
781,Riley,Lewis,1978-05-01,director.riley.lewis.781@hotmail.com
782,Mason,Allen,1964-08-27,director.mason.allen.782@icloud.com
783,Emma,Scott,1954-03-22,director.emma.scott.783@hotmail.com
784,Olivia,Taylor,1974-01-22,director.olivia.taylor.784@outlook.com
785,Alexander,Martin,1982-05-20,director.alexander.martin.785@outlook.com
786,Andrew,Reed,1976-09-19,director.andrew.reed.786@yahoo.com
787,Henry,Mitchell,1981-12-12,director.henry.mitchell.787@icloud.com
788,Jacob,Young,1985-10-20,director.jacob.young.788@yahoo.com
789,Quinn,Torres,1972-06-07,director.quinn.torres.789@hotmail.com
790,Amelia,Collins,1989-02-06,director.amelia.collins.790@yahoo.com
791,Daniel,Green,1984-04-20,director.daniel.green.791@icloud.com
792,Logan,Thompson,1970-10-26,director.logan.thompson.792@proton.me
793,Jamie,Sanchez,1957-06-14,director.jamie.sanchez.793@outlook.com
794,Noah,Johnson,1952-07-26,director.noah.johnson.794@proton.me
795,Jordan,Turner,1973-07-19,director.jordan.turner.795@gmail.com
796,Charlotte,Johnson,1962-11-23,director.charlotte.johnson.796@gmail.com
797,Andrew,Scott,1967-09-18,director.andrew.scott.797@icloud.com
798,Emily,Thomas,1954-10-12,director.emily.thomas.798@yahoo.com
799,Harper,Cook,1954-07-21,director.harper.cook.799@proton.me
800,Sophia,Cook,1964-01-17,director.sophia.cook.800@proton.me
801,Riley,Morris,1963-02-13,director.riley.morris.801@gmail.com
802,Elijah,Parker,1980-04-26,director.elijah.parker.802@proton.me
803,Abigail,Murphy,1971-10-13,director.abigail.murphy.803@yahoo.com
804,Morgan,Evans,1961-07-05,director.morgan.evans.804@hotmail.com
805,Avery,Taylor,1971-07-15,director.avery.taylor.805@outlook.com
806,Isabella,Garcia,1988-10-22,director.isabella.garcia.806@yahoo.com
807,Isabella,Phillips,1960-08-01,director.isabella.phillips.807@proton.me
808,Andrew,Perez,1968-05-22,director.andrew.perez.808@proton.me
809,Charlotte,Adams,1974-10-10,director.charlotte.adams.809@gmail.com
810,Isabella,Murphy,1967-10-01,director.isabella.murphy.810@icloud.com
811,Harper,Phillips,1991-06-18,director.harper.phillips.811@outlook.com
812,Elijah,Wright,1990-08-21,director.elijah.wright.812@yahoo.com
813,Mason,Phillips,1974-12-10,director.mason.phillips.813@hotmail.com
814,Andrew,Bell,1950-02-19,director.andrew.bell.814@outlook.com
815,Liam,Morris,1995-02-11,director.liam.morris.815@hotmail.com
816,Sophia,Thompson,1950-07-03,director.sophia.thompson.816@outlook.com
817,Rowan,Gonzalez,1971-02-27,director.rowan.gonzalez.817@icloud.com
818,Daniel,White,1977-02-25,director.daniel.white.818@yahoo.com
819,Hannah,Lee,1968-04-06,director.hannah.lee.819@gmail.com
820,William,Clark,1950-08-12,director.william.clark.820@hotmail.com
821,Abigail,Allen,1983-06-13,director.abigail.allen.821@hotmail.com
822,Rowan,Morgan,1989-10-06,director.rowan.morgan.822@gmail.com
823,Harper,Sanchez,1977-08-27,director.harper.sanchez.823@gmail.com
824,Charlotte,Perez,1966-02-06,director.charlotte.perez.824@gmail.com
825,Amelia,White,1954-07-07,director.amelia.white.825@outlook.com
826,Quinn,Johnson,1975-03-08,director.quinn.johnson.826@yahoo.com
827,Lucas,Sanchez,1976-08-17,director.lucas.sanchez.827@yahoo.com
828,Evelyn,Morris,1989-07-08,director.evelyn.morris.828@proton.me
829,Chloe,Turner,1962-09-27,director.chloe.turner.829@gmail.com
830,Harper,Lewis,1951-09-22,director.harper.lewis.830@hotmail.com
831,Taylor,Torres,1964-05-03,director.taylor.torres.831@outlook.com
832,Logan,Perez,1973-04-13,director.logan.perez.832@proton.me
833,Benjamin,Evans,1966-01-03,director.benjamin.evans.833@yahoo.com
834,Olivia,Thompson,1981-04-26,director.olivia.thompson.834@icloud.com
835,Mason,Campbell,1970-11-05,director.mason.campbell.835@icloud.com
836,Noah,Cook,1964-11-18,director.noah.cook.836@outlook.com
837,Hannah,Carter,1960-10-28,director.hannah.carter.837@yahoo.com
838,Casey,Harris,1957-10-13,director.casey.harris.838@hotmail.com
839,Taylor,Smith,1960-04-17,director.taylor.smith.839@yahoo.com
840,Morgan,Allen,1990-03-07,director.morgan.allen.840@yahoo.com
841,Lucas,Reed,1969-02-21,director.lucas.reed.841@hotmail.com
842,Emily,Torres,1980-07-19,director.emily.torres.842@proton.me
843,Chloe,Phillips,1989-02-15,director.chloe.phillips.843@hotmail.com
844,Zoe,Perez,1964-03-14,director.zoe.perez.844@outlook.com
845,Harper,Young,1963-10-24,director.harper.young.845@yahoo.com
846,Emily,Murphy,1982-05-21,director.emily.murphy.846@gmail.com
847,Isabella,Edwards,1954-03-09,director.isabella.edwards.847@hotmail.com
848,Taylor,Phillips,1980-02-18,director.taylor.phillips.848@icloud.com
849,Mia,Hall,1972-05-27,director.mia.hall.849@outlook.com
850,Dakota,Johnson,1994-01-10,director.dakota.johnson.850@icloud.com
851,Reese,Morgan,1953-05-07,director.reese.morgan.851@yahoo.com
852,Andrew,Anderson,1974-05-11,director.andrew.anderson.852@outlook.com
853,Riley,Campbell,1975-08-02,director.riley.campbell.853@hotmail.com
854,Ella,Hill,1950-06-24,director.ella.hill.854@icloud.com
855,Zoe,Martinez,1973-03-21,director.zoe.martinez.855@icloud.com
856,James,Gonzalez,1984-01-14,director.james.gonzalez.856@proton.me
857,Andrew,Allen,1966-08-16,director.andrew.allen.857@hotmail.com
858,Grace,Rogers,1953-07-23,director.grace.rogers.858@yahoo.com
859,Michael,Perez,1964-12-01,director.michael.perez.859@yahoo.com
860,Hannah,Stewart,1954-06-20,director.hannah.stewart.860@icloud.com
861,Avery,Morgan,1993-02-04,director.avery.morgan.861@icloud.com
862,Hannah,Hall,1994-12-17,director.hannah.hall.862@outlook.com
863,Henry,Green,1983-07-20,director.henry.green.863@hotmail.com
864,Avery,Murphy,1993-08-26,director.avery.murphy.864@gmail.com
865,Grace,Allen,1961-07-02,director.grace.allen.865@proton.me
866,Samuel,Murphy,1971-10-11,director.samuel.murphy.866@gmail.com
867,Nathan,Campbell,1984-06-08,director.nathan.campbell.867@proton.me
868,Emily,Morris,1991-03-10,director.emily.morris.868@icloud.com
869,Mia,Young,1989-10-08,director.mia.young.869@hotmail.com
870,Evelyn,Rogers,1994-02-08,director.evelyn.rogers.870@proton.me
871,Reese,Allen,1992-06-01,director.reese.allen.871@outlook.com
872,Mason,Brown,1963-11-23,director.mason.brown.872@outlook.com
873,Noah,Wright,1991-10-05,director.noah.wright.873@icloud.com
874,Charlotte,Gonzalez,1993-03-07,director.charlotte.gonzalez.874@icloud.com
875,Avery,Walker,1960-02-08,director.avery.walker.875@icloud.com
876,Liam,Evans,1970-11-11,director.liam.evans.876@proton.me
877,Alex,Hill,1956-11-06,director.alex.hill.877@yahoo.com
878,Henry,Edwards,1970-08-09,director.henry.edwards.878@proton.me
879,Taylor,Collins,1971-09-20,director.taylor.collins.879@gmail.com
880,Jordan,Thomas,1991-04-19,director.jordan.thomas.880@icloud.com
881,Ella,Edwards,1967-06-11,director.ella.edwards.881@yahoo.com
882,Alex,Cook,1953-10-21,director.alex.cook.882@proton.me
883,Lily,Campbell,1991-03-21,director.lily.campbell.883@icloud.com
884,Quinn,Thomas,1993-02-16,director.quinn.thomas.884@gmail.com
885,Skyler,Cook,1988-09-14,director.skyler.cook.885@gmail.com
886,Olivia,Scott,1995-03-22,director.olivia.scott.886@outlook.com
887,Emma,Green,1976-03-27,director.emma.green.887@yahoo.com
888,Olivia,Morgan,1975-07-17,director.olivia.morgan.888@yahoo.com
889,Avery,Roberts,1970-02-08,director.avery.roberts.889@yahoo.com
890,Jacob,Allen,1984-01-26,director.jacob.allen.890@proton.me
891,Zoe,Gonzalez,1968-07-25,director.zoe.gonzalez.891@gmail.com
892,Benjamin,Jackson,1990-08-06,director.benjamin.jackson.892@proton.me
893,Mia,Carter,1966-03-11,director.mia.carter.893@icloud.com
894,Nathan,Allen,1973-04-26,director.nathan.allen.894@yahoo.com
895,Parker,Jackson,1961-05-10,director.parker.jackson.895@outlook.com
896,Evelyn,Edwards,1960-06-17,director.evelyn.edwards.896@proton.me
897,Cameron,Reed,1959-08-08,director.cameron.reed.897@proton.me
898,Morgan,Smith,1977-06-04,director.morgan.smith.898@proton.me
899,Taylor,Turner,1981-11-23,director.taylor.turner.899@gmail.com
900,James,Lee,1962-07-19,director.james.lee.900@proton.me
901,Elijah,Sanchez,1985-10-13,director.elijah.sanchez.901@proton.me
902,Emma,Morris,1976-11-08,director.emma.morris.902@outlook.com
903,Ethan,Perez,1993-09-10,director.ethan.perez.903@hotmail.com
904,Rowan,Gonzalez,1987-12-09,director.rowan.gonzalez.904@gmail.com
905,Henry,Bell,1988-02-15,director.henry.bell.905@outlook.com
906,Emily,Garcia,1957-07-22,director.emily.garcia.906@yahoo.com
907,Samuel,Parker,1952-10-20,director.samuel.parker.907@proton.me
908,Harper,Rogers,1954-09-08,director.harper.rogers.908@yahoo.com
909,Lily,Campbell,1981-03-23,director.lily.campbell.909@outlook.com
910,Casey,Lee,1965-10-11,director.casey.lee.910@proton.me
911,Nathan,Torres,1961-11-21,director.nathan.torres.911@outlook.com
912,Jordan,Evans,1979-05-10,director.jordan.evans.912@yahoo.com
913,Casey,Roberts,1976-07-27,director.casey.roberts.913@icloud.com
914,Avery,Carter,1950-10-13,director.avery.carter.914@icloud.com
915,Elijah,Bell,1987-06-17,director.elijah.bell.915@icloud.com
916,Quinn,Morris,1991-11-03,director.quinn.morris.916@gmail.com
917,Alexander,Martinez,1988-01-06,director.alexander.martinez.917@yahoo.com
918,Quinn,Morgan,1952-04-19,director.quinn.morgan.918@icloud.com
919,Alex,Phillips,1965-06-20,director.alex.phillips.919@hotmail.com
920,Reese,Reed,1963-10-11,director.reese.reed.920@proton.me
921,Casey,Turner,1985-12-06,director.casey.turner.921@proton.me
922,Isabella,Martinez,1980-04-05,director.isabella.martinez.922@yahoo.com
923,Evelyn,Gonzalez,1984-01-04,director.evelyn.gonzalez.923@icloud.com
924,Mason,Anderson,1994-10-20,director.mason.anderson.924@hotmail.com
925,Zoe,Sanchez,1981-09-14,director.zoe.sanchez.925@icloud.com
926,Hannah,Harris,1982-05-20,director.hannah.harris.926@yahoo.com
927,Sophia,Baker,1986-07-14,director.sophia.baker.927@icloud.com
928,Casey,Johnson,1962-02-08,director.casey.johnson.928@yahoo.com
929,Morgan,Johnson,1959-05-26,director.morgan.johnson.929@hotmail.com
930,Zoe,Cook,1974-03-17,director.zoe.cook.930@yahoo.com
931,Grace,Thompson,1982-09-03,director.grace.thompson.931@proton.me
932,Cameron,Thomas,1989-03-08,director.cameron.thomas.932@gmail.com
933,Reese,Allen,1950-03-25,director.reese.allen.933@yahoo.com
934,Jamie,Young,1961-03-22,director.jamie.young.934@gmail.com
935,Nathan,Mitchell,1967-05-10,director.nathan.mitchell.935@yahoo.com
936,Charlotte,Smith,1977-10-24,director.charlotte.smith.936@gmail.com
937,Noah,Clark,1983-02-07,director.noah.clark.937@yahoo.com
938,Mia,Young,1953-04-26,director.mia.young.938@hotmail.com
939,Avery,Walker,1950-04-13,director.avery.walker.939@yahoo.com
940,Charlotte,Murphy,1957-06-27,director.charlotte.murphy.940@gmail.com
941,Parker,Morgan,1995-01-13,director.parker.morgan.941@proton.me
942,Liam,Anderson,1959-05-06,director.liam.anderson.942@hotmail.com
943,Daniel,Brown,1995-01-13,director.daniel.brown.943@proton.me
944,Amelia,Scott,1977-03-19,director.amelia.scott.944@gmail.com
945,Evelyn,Young,1955-05-22,director.evelyn.young.945@proton.me
946,Avery,Turner,1976-06-15,director.avery.turner.946@gmail.com
947,Benjamin,Lewis,1962-10-02,director.benjamin.lewis.947@gmail.com
948,Reese,Taylor,1981-07-12,director.reese.taylor.948@proton.me
949,Liam,Edwards,1987-10-17,director.liam.edwards.949@outlook.com
950,Benjamin,Collins,1970-03-01,director.benjamin.collins.950@icloud.com
951,Taylor,Walker,1976-06-08,director.taylor.walker.951@proton.me
952,Liam,King,1962-04-08,director.liam.king.952@outlook.com
953,Nathan,Baker,1958-01-03,director.nathan.baker.953@hotmail.com
954,Liam,Martin,1988-06-16,director.liam.martin.954@outlook.com
955,Charlotte,Mitchell,1962-04-03,director.charlotte.mitchell.955@yahoo.com
956,Skyler,Garcia,1965-05-16,director.skyler.garcia.956@hotmail.com
957,Taylor,Nguyen,1971-12-22,director.taylor.nguyen.957@icloud.com
958,Cameron,Thomas,1951-04-24,director.cameron.thomas.958@hotmail.com
959,Ella,Adams,1976-02-16,director.ella.adams.959@outlook.com
960,Quinn,Garcia,1989-09-19,director.quinn.garcia.960@gmail.com
961,Nathan,Collins,1985-11-28,director.nathan.collins.961@hotmail.com
962,Ethan,Nguyen,1982-06-04,director.ethan.nguyen.962@hotmail.com
963,Skyler,Roberts,1990-11-16,director.skyler.roberts.963@outlook.com
964,Riley,Turner,1990-11-23,director.riley.turner.964@hotmail.com
965,Grace,Brown,1957-01-03,director.grace.brown.965@yahoo.com
966,Dakota,Bell,1977-03-07,director.dakota.bell.966@hotmail.com
967,Liam,Morgan,1982-05-20,director.liam.morgan.967@proton.me
968,Cameron,Martinez,1959-11-03,director.cameron.martinez.968@proton.me
969,Ethan,Martin,1983-01-23,director.ethan.martin.969@yahoo.com
970,Logan,Roberts,1995-08-09,director.logan.roberts.970@gmail.com
971,Grace,Martin,1987-02-18,director.grace.martin.971@yahoo.com
972,Harper,Phillips,1990-12-09,director.harper.phillips.972@icloud.com
973,Nathan,Martin,1963-11-14,director.nathan.martin.973@hotmail.com
974,Dakota,Murphy,1951-10-10,director.dakota.murphy.974@icloud.com
975,William,Perez,1975-03-14,director.william.perez.975@yahoo.com
976,Emma,King,1954-03-25,director.emma.king.976@yahoo.com
977,Avery,Carter,1950-03-21,director.avery.carter.977@gmail.com
978,Casey,Garcia,1958-09-07,director.casey.garcia.978@yahoo.com
979,Mason,Harris,1988-05-16,director.mason.harris.979@yahoo.com
980,Daniel,Murphy,1982-04-27,director.daniel.murphy.980@proton.me
981,Grace,King,1976-07-20,director.grace.king.981@gmail.com
982,Amelia,Taylor,1979-12-02,director.amelia.taylor.982@icloud.com
983,Morgan,Campbell,1961-11-20,director.morgan.campbell.983@proton.me
984,Logan,Bell,1975-08-22,director.logan.bell.984@proton.me
985,Grace,Sanchez,1985-10-12,director.grace.sanchez.985@outlook.com
986,Casey,Hill,1983-10-10,director.casey.hill.986@gmail.com
987,Evelyn,Roberts,1967-09-26,director.evelyn.roberts.987@icloud.com
988,Jamie,Reed,1967-09-08,director.jamie.reed.988@hotmail.com
989,Amelia,Lewis,1955-05-19,director.amelia.lewis.989@icloud.com
990,Skyler,Evans,1981-07-06,director.skyler.evans.990@icloud.com
991,Harper,Hall,1957-11-22,director.harper.hall.991@hotmail.com
992,Olivia,Brown,1965-06-17,director.olivia.brown.992@hotmail.com
993,Casey,Phillips,1983-09-15,director.casey.phillips.993@outlook.com
994,Riley,Torres,1989-03-16,director.riley.torres.994@gmail.com
995,Ella,Stewart,1959-03-02,director.ella.stewart.995@outlook.com
996,Ethan,Thomas,1969-11-03,director.ethan.thomas.996@proton.me
997,Jacob,Smith,1987-10-22,director.jacob.smith.997@icloud.com
998,Henry,Torres,1973-01-18,director.henry.torres.998@gmail.com
999,Lucas,Sanchez,1973-11-02,director.lucas.sanchez.999@outlook.com
1000,Skyler,Johnson,1957-07-17,director.skyler.johnson.1000@yahoo.com
