movie_id,title,duration_minutes,rating,sd_price,hd_price,is_new_release,is_most_popular,is_coming_soon
1,Neon Dreams,80,G,2.99,4.49,True,True,False
2,Golden Legacy,110,G,2.99,3.49,False,True,True
3,Wild Promise,141,G,4.99,5.99,False,False,False
4,Silent Pulse,142,18A,3.49,3.99,False,True,True
5,Hidden Promise,166,14A,2.99,4.49,False,False,True
6,Rising Empire,162,14A,3.99,4.99,False,False,True
7,Fading Voices,138,G,4.99,6.49,True,True,False
8,Silent Oath,98,PG,5.49,6.49,False,False,True
9,Lost Empire,155,PG,4.49,4.99,True,False,False
10,Silent Legacy,178,18A,2.99,4.49,True,False,False
11,Lost Mirage,115,14A,5.49,5.99,False,False,False
12,Crimson Frontier,85,18A,4.99,5.99,False,False,True
13,Forgotten Spectrum,139,18A,4.49,4.99,False,True,True
14,Furious Skies,136,14A,5.49,6.99,False,False,True
15,Broken Dreams,179,R,3.49,4.49,True,False,False
16,Golden Shadows,128,14A,5.99,7.49,True,False,False
17,Golden Skies,154,14A,3.99,4.49,False,True,True
18,Neon Empire,90,G,4.49,4.99,True,False,False
19,Fading Pulse,91,14A,5.99,7.49,False,False,True
20,Neon Empire,154,PG,3.99,4.49,False,False,True
21,Golden Storm,104,14A,5.49,6.49,False,False,True
22,Electric Pulse,169,PG,4.49,4.99,False,True,True
23,Endless Horizon,125,R,4.99,5.49,True,True,False
24,Secret Oath,97,PG,3.49,3.99,False,False,True
25,Rising Empire,171,G,3.99,4.49,True,True,False
26,Hidden River,107,PG,2.99,3.99,True,False,False
27,Burning Garden,148,R,5.49,6.49,False,True,False
28,Crimson Odyssey,91,R,5.99,6.99,False,False,False
29,Broken Pulse,94,R,5.49,6.49,False,False,False
30,Burning Horizon,124,PG,5.99,6.99,True,False,False
31,Burning Labyrinth,80,18A,2.99,3.99,False,False,False
32,Midnight Storm,160,R,4.49,4.99,True,False,False
33,Wild Voices,101,18A,4.99,6.49,True,True,False
34,Silent Frontier,164,18A,5.99,6.49,False,True,False
35,Hidden River,155,14A,3.99,4.99,False,True,True
36,Endless Spectrum,122,R,4.99,5.99,False,False,True
37,Broken Empire,148,14A,5.49,6.99,False,True,False
38,Forgotten Frontier,114,R,2.99,4.49,False,True,True
39,Golden City,112,18A,3.99,4.49,False,False,True
40,Lost Horizon,106,R,5.49,5.99,False,False,True
41,Wild Mirage,145,R,2.99,3.99,True,False,False
42,Fading Legacy,144,G,2.99,4.49,False,True,True
43,Wandering Oath,152,PG,3.49,3.99,False,True,False
44,Rising Promise,159,PG,2.99,3.49,False,True,True
45,Midnight Pulse,176,14A,4.99,6.49,False,False,True
46,Crimson Odyssey,152,18A,4.99,6.49,False,True,True
47,Lost Legacy,88,R,3.99,5.49,True,False,False
48,Furious Empire,120,14A,3.49,4.99,False,False,True
49,Final Storm,155,G,4.49,4.99,False,True,False
50,Endless Mirage,123,PG,3.49,4.49,False,True,True
51,Silent Legacy,155,G,3.99,4.99,False,True,False
52,Electric Voices,157,R,4.99,6.49,False,False,True
53,Crimson Garden,163,R,5.49,5.99,False,True,True
54,Neon Legacy,156,14A,5.49,6.49,False,False,False
55,Fading Labyrinth,81,G,3.99,5.49,False,False,True
56,Rising Promise,84,R,5.99,6.49,False,True,True
57,Wild Odyssey,103,14A,3.99,4.99,True,True,False
58,Midnight Frontier,101,PG,2.99,4.49,False,False,True
59,Electric Frontier,114,R,5.99,7.49,False,True,False
60,Shattered Pulse,142,18A,5.99,7.49,False,False,True
61,Final Frontier,172,R,5.49,6.99,True,False,False
62,Burning Spectrum,96,R,2.99,3.99,False,True,False
63,Crimson Garden,110,14A,5.49,5.99,False,True,False
64,Final Legacy,131,18A,4.99,5.49,False,False,True
65,Forgotten Frontier,147,18A,2.99,4.49,False,True,True
66,Hidden Empire,105,PG,3.49,4.99,False,False,True
67,Burning Garden,168,14A,3.49,4.49,False,True,False
68,Furious Dreams,85,14A,2.99,4.49,False,False,False
69,Endless Spectrum,135,PG,5.49,6.99,False,True,True
70,Burning Storm,81,14A,3.99,5.49,False,True,True
71,Forgotten Promise,111,R,3.49,3.99,False,False,True
72,Neon Mirage,144,18A,5.99,6.99,False,False,True
73,Burning Garden,167,14A,4.99,5.99,False,True,False
74,Midnight Skies,132,R,3.49,3.99,True,True,False
75,Wild Odyssey,106,G,4.49,5.49,True,False,False
76,Hidden Empire,111,18A,5.99,7.49,True,True,False
77,Burning City,168,R,3.99,5.49,True,True,False
78,Final Frontier,164,G,5.49,5.99,True,True,False
79,Final Skies,98,PG,3.49,4.49,False,True,False
80,Endless Dreams,142,14A,4.99,5.99,False,False,True
81,Shattered Shadows,115,18A,5.99,6.99,False,True,False
82,Fading Frontier,111,R,5.99,6.49,True,False,False
83,Broken River,130,PG,3.49,3.99,False,True,True
84,Electric Oath,172,R,5.49,6.99,True,False,False
85,Wild Voices,162,14A,3.49,4.99,False,True,False
86,Neon City,167,18A,5.99,6.49,False,False,False
87,Forgotten Spectrum,146,R,3.49,4.99,False,True,True
88,Secret Labyrinth,140,R,4.99,5.49,False,True,False
89,Golden Frontier,153,G,5.99,6.49,False,False,False
90,Shattered Storm,94,R,4.49,4.99,False,False,True
91,Hidden Legacy,180,G,3.49,4.99,False,False,True
92,Final Storm,84,G,3.49,4.49,False,True,True
93,Wild Pulse,87,G,5.99,6.99,False,True,True
94,Lost Mirage,141,PG,2.99,4.49,False,False,True
95,Fading Promise,142,PG,4.99,5.49,False,False,True
96,Neon Frontier,102,14A,3.99,4.49,True,True,False
97,Final Echoes,117,R,5.99,7.49,True,True,False
98,Electric Skies,169,R,2.99,4.49,True,True,False
99,Secret Echoes,134,R,3.49,4.49,False,False,True
100,Endless Dreams,90,R,5.99,7.49,False,False,True
101,Forgotten Pulse,170,18A,4.99,5.49,False,True,True
102,Neon Pulse,103,R,4.49,4.99,False,True,True
103,Forgotten Spectrum,146,G,4.99,5.49,False,True,True
104,Burning Empire,120,G,5.49,6.99,True,True,False
105,Forgotten Promise,141,18A,3.99,4.49,True,True,False
106,Furious Echoes,125,G,2.99,4.49,False,False,True
107,Neon Odyssey,102,R,4.99,5.49,True,True,False
108,Burning Labyrinth,154,14A,4.99,5.49,False,True,True
109,Rising Oath,174,PG,3.49,3.99,False,True,True
110,Golden Labyrinth,82,R,2.99,3.49,True,False,False
111,Furious Legacy,159,R,5.49,6.99,False,False,True
112,Silent Storm,138,14A,2.99,3.49,False,True,False
113,Wild Storm,125,18A,5.49,5.99,False,False,False
114,Wild River,92,G,2.99,3.99,False,False,True
115,Furious Oath,151,R,4.99,5.99,False,False,True
116,Shattered Legacy,82,R,4.49,5.49,True,False,False
117,Wandering City,170,18A,4.49,4.99,False,False,True
118,Crimson Storm,144,18A,5.49,6.49,False,True,True
119,Endless Spectrum,115,14A,3.99,4.49,False,True,False
120,Furious Labyrinth,111,R,3.99,4.49,True,True,False
121,Neon Horizon,113,14A,4.49,5.49,False,False,True
122,Silent Pulse,84,18A,3.49,4.99,False,False,False
123,Endless Oath,151,18A,4.49,5.49,True,True,False
124,Final Horizon,157,14A,5.49,6.99,False,False,False
125,Golden Storm,159,18A,3.99,4.99,False,False,False
126,Endless Garden,171,PG,4.99,5.49,True,False,False
127,Final Skies,87,PG,4.49,5.99,True,True,False
128,Fading Storm,118,14A,3.99,4.99,False,True,True
129,Fading Oath,151,G,4.49,5.49,False,True,True
130,Midnight Odyssey,112,14A,3.49,4.49,False,True,False
131,Neon Empire,101,G,4.99,5.99,False,False,True
132,Lost Labyrinth,176,R,3.49,4.49,False,True,False
133,Wandering Empire,104,PG,3.49,4.49,True,False,False
134,Wandering Odyssey,135,R,5.99,6.99,True,False,False
135,Wandering Shadows,130,G,2.99,3.49,False,True,True
136,Golden Dreams,98,G,3.49,3.99,False,True,False
137,Rising Echoes,90,14A,5.99,6.49,False,False,False
138,Furious Mirage,167,18A,5.99,6.99,False,False,True
139,Fading Empire,120,18A,2.99,3.49,False,False,True
140,Final Legacy,165,14A,4.99,5.99,False,False,True
141,Midnight Skies,120,R,4.99,5.49,True,False,False
142,Forgotten Promise,126,14A,4.49,4.99,False,True,False
143,Shattered Pulse,93,14A,5.49,6.49,True,False,False
144,Secret Horizon,128,PG,2.99,3.99,False,False,True
145,Final Spectrum,151,R,5.99,6.49,False,False,True
146,Wild Legacy,171,G,4.49,4.99,False,False,True
147,Silent Promise,148,G,5.49,5.99,False,True,True
148,Burning Garden,144,G,4.99,5.49,True,False,False
149,Hidden Promise,117,18A,3.99,5.49,False,False,True
150,Secret Horizon,138,PG,4.49,5.99,False,False,True
151,Electric Voices,180,18A,3.99,4.49,False,True,True
152,Final Echoes,139,R,2.99,3.99,True,False,False
153,Lost Promise,157,18A,4.49,5.49,True,False,False
154,Fading Spectrum,84,PG,3.49,4.99,False,False,False
155,Furious Storm,129,PG,5.99,7.49,False,True,False
156,Golden Oath,93,18A,4.99,5.49,False,True,False
157,Lost Voices,131,PG,5.49,6.49,False,True,True
158,Forgotten Spectrum,123,R,2.99,3.49,False,False,True
159,Shattered Frontier,164,18A,3.49,4.49,False,True,True
160,Final Legacy,144,R,5.49,6.99,False,False,True
161,Endless Shadows,94,18A,5.99,7.49,False,False,False
162,Forgotten Dreams,98,14A,3.49,3.99,False,True,False
163,Neon Pulse,154,R,4.99,5.99,False,True,False
164,Rising Horizon,141,G,5.49,6.49,True,True,False
165,Rising Horizon,111,18A,2.99,3.49,False,False,False
166,Wild Oath,92,PG,5.99,6.99,False,True,True
167,Furious Odyssey,97,14A,5.99,7.49,False,False,True
168,Broken Pulse,163,G,4.49,4.99,False,False,True
169,Shattered Echoes,105,PG,2.99,4.49,False,False,True
170,Broken Pulse,171,PG,4.49,5.99,False,True,True
171,Endless Shadows,178,G,2.99,4.49,False,True,True
172,Electric Oath,138,18A,2.99,3.99,False,False,True
173,Secret Storm,168,PG,5.99,6.99,False,False,False
174,Lost Pulse,147,PG,4.99,5.99,False,True,True
175,Secret Garden,143,PG,5.49,6.99,False,False,True
176,Fading Frontier,147,G,4.99,5.49,True,False,False
177,Electric Horizon,164,18A,4.99,6.49,False,False,False
178,Midnight Voices,104,G,3.49,3.99,False,False,True
179,Endless Garden,146,14A,3.49,3.99,True,True,False
180,Burning Oath,173,PG,4.49,5.99,False,True,False
181,Rising Mirage,143,18A,3.49,4.99,False,False,False
182,Neon Oath,124,R,3.49,3.99,False,False,False
183,Wild Shadows,161,R,5.99,6.99,True,True,False
184,Burning Empire,126,PG,4.49,5.99,False,False,False
185,Wild Garden,101,14A,3.49,4.99,False,True,False
186,Rising Frontier,114,G,4.49,4.99,True,False,False
187,Hidden Oath,119,G,5.49,6.99,False,False,True
188,Golden Echoes,88,PG,4.49,5.99,False,False,False
189,Golden Promise,89,14A,2.99,3.99,False,False,True
190,Endless River,139,18A,4.49,5.99,True,True,False
191,Neon Dreams,141,PG,3.49,4.49,False,True,True
192,Wild Pulse,151,R,2.99,3.49,False,True,True
193,Fading Promise,83,PG,3.49,4.49,False,False,False
194,Lost River,164,PG,5.99,7.49,False,True,True
195,Hidden Labyrinth,123,14A,5.49,6.99,False,False,True
196,Hidden Garden,115,14A,5.49,6.99,False,True,True
197,Burning River,90,R,2.99,3.49,False,False,True
198,Lost Promise,99,18A,2.99,3.99,False,True,True
199,Final Legacy,154,R,3.99,5.49,False,False,True
200,Lost Mirage,118,R,3.99,5.49,False,True,True
201,Midnight Empire,151,G,5.49,6.49,False,False,True
202,Endless Pulse,134,PG,4.49,5.99,False,True,True
203,Golden Pulse,107,14A,4.49,5.49,False,True,True
204,Broken Dreams,118,14A,5.99,6.99,True,False,False
205,Neon Legacy,118,G,5.99,7.49,False,True,False
206,Furious Labyrinth,157,18A,5.49,6.99,False,False,True
207,Midnight Voices,156,14A,5.99,7.49,False,True,False
208,Forgotten Horizon,125,18A,5.99,7.49,False,False,True
209,Fading Frontier,82,R,5.49,5.99,False,True,False
210,Forgotten Dreams,167,PG,3.49,4.49,True,False,False
211,Lost Odyssey,119,14A,5.49,6.99,False,False,True
212,Final Storm,137,G,3.99,4.49,True,False,False
213,Broken Shadows,116,14A,4.99,5.99,False,True,True
214,Final Garden,149,18A,5.99,6.99,False,True,True
215,Midnight Labyrinth,155,G,5.49,6.99,True,True,False
216,Crimson Echoes,178,R,5.99,6.49,False,True,False
217,Final Echoes,93,14A,3.99,5.49,True,True,False
218,Secret Mirage,110,R,5.99,6.49,False,False,False
219,Shattered Garden,164,R,5.99,7.49,False,False,True
220,Golden Mirage,103,R,2.99,3.99,True,False,False
221,Furious Shadows,89,14A,3.99,4.49,False,False,True
222,Midnight Horizon,163,G,5.49,6.99,False,True,False
223,Lost Oath,120,PG,2.99,3.99,False,False,True
224,Golden Storm,155,PG,4.99,6.49,True,False,False
225,Shattered Promise,142,R,3.99,4.49,False,True,False
226,Midnight Horizon,130,PG,5.99,6.49,False,False,True
227,Hidden Garden,108,PG,5.49,6.49,False,True,True
228,Shattered Oath,83,PG,4.99,5.49,False,False,True
229,Forgotten Pulse,117,PG,5.49,6.49,False,False,True
230,Rising Promise,177,14A,4.99,6.49,True,True,False
231,Lost Spectrum,121,PG,2.99,3.99,False,True,True
232,Golden Echoes,85,18A,3.99,4.49,False,False,False
233,Secret Oath,163,PG,3.99,4.49,False,False,True
234,Neon Garden,124,14A,4.99,5.99,True,True,False
235,Golden Frontier,164,R,3.99,4.49,False,True,False
236,Neon Garden,87,PG,3.99,5.49,True,True,False
237,Secret Storm,115,G,5.99,6.99,False,True,True
238,Wandering Pulse,179,G,3.49,4.99,True,False,False
239,Forgotten Odyssey,85,14A,5.49,6.49,False,True,True
240,Broken Shadows,160,R,5.49,6.49,False,False,True
241,Wandering Storm,149,R,5.99,6.49,False,True,False
242,Final Dreams,100,PG,5.49,6.99,False,True,False
243,Hidden Odyssey,165,R,5.49,5.99,True,True,False
244,Rising Frontier,124,PG,4.49,4.99,False,True,True
245,Silent Labyrinth,113,R,3.49,3.99,False,True,False
246,Hidden Odyssey,173,PG,2.99,3.99,False,False,True
247,Midnight Garden,134,14A,4.49,4.99,False,False,True
248,Final Oath,113,G,5.99,7.49,False,False,False
249,Endless Pulse,148,R,2.99,4.49,True,True,False
250,Crimson Mirage,105,R,3.99,4.99,False,False,True
251,Golden Frontier,159,14A,3.49,4.49,False,False,False
252,Wandering Promise,97,R,2.99,4.49,True,True,False
253,Broken Storm,165,G,3.99,5.49,False,False,False
254,Lost Empire,139,14A,4.49,5.49,False,True,False
255,Wandering Labyrinth,102,R,3.49,4.49,True,False,False
256,Final City,158,18A,3.99,4.49,True,False,False
257,Forgotten Storm,119,14A,4.49,4.99,False,False,True
258,Broken River,162,G,3.49,3.99,False,True,True
259,Wandering Horizon,82,14A,3.99,4.99,False,False,False
260,Wild Dreams,93,18A,5.99,6.49,False,True,True
261,Forgotten Labyrinth,135,R,4.99,6.49,False,True,True
262,Electric Promise,166,18A,2.99,3.49,True,True,False
263,Broken Echoes,144,PG,4.99,6.49,False,True,True
264,Golden Oath,135,18A,5.49,5.99,False,True,True
265,Neon Shadows,178,G,2.99,3.49,False,True,True
266,Golden Oath,170,14A,4.99,5.99,False,True,True
267,Neon Empire,148,G,3.99,5.49,False,True,True
268,Broken River,125,G,4.99,6.49,True,False,False
269,Lost Echoes,139,G,4.99,6.49,False,True,False
270,Golden Shadows,127,14A,5.49,5.99,True,True,False
271,Crimson Horizon,87,G,4.49,4.99,False,False,True
272,Broken Labyrinth,101,G,5.99,6.99,False,False,False
273,Crimson Voices,168,G,2.99,3.99,False,True,True
274,Secret Frontier,132,PG,3.99,4.49,False,True,True
275,Electric Oath,154,14A,5.49,5.99,False,True,False
276,Secret Mirage,146,G,3.99,4.99,False,False,True
277,Crimson Labyrinth,152,18A,4.99,5.99,False,True,True
278,Electric City,133,14A,4.99,5.49,True,False,False
279,Fading River,123,14A,3.99,4.49,False,False,True
280,Wandering Empire,178,G,5.99,7.49,False,False,True
281,Hidden City,134,PG,2.99,4.49,False,True,False
282,Shattered Odyssey,153,14A,5.49,5.99,False,True,True
283,Hidden Legacy,86,14A,3.49,4.99,False,False,True
284,Crimson Voices,168,14A,3.49,4.49,False,True,False
285,Burning City,171,R,2.99,3.99,False,True,True
286,Furious Dreams,95,18A,5.49,6.49,False,True,False
287,Final Skies,115,14A,4.49,5.49,False,True,True
288,Silent Voices,126,R,3.99,4.49,False,True,True
289,Burning Storm,86,G,3.49,4.49,False,False,True
290,Electric Spectrum,129,G,3.49,4.49,False,False,False
291,Endless Odyssey,86,18A,3.49,4.99,True,True,False
292,Midnight River,93,G,3.99,4.49,True,False,False
293,Rising Garden,99,18A,3.49,4.99,False,True,True
294,Wandering Echoes,110,18A,2.99,3.49,False,False,True
295,Wandering Skies,151,14A,5.49,6.49,False,False,True
296,Wandering Spectrum,158,G,3.49,4.49,True,True,False
297,Hidden Mirage,161,R,5.99,6.99,True,False,False
298,Hidden Garden,143,R,5.99,7.49,False,False,True
299,Neon River,146,14A,5.99,6.99,False,False,False
300,Crimson Voices,179,G,3.99,4.49,True,True,False
301,Silent Shadows,128,R,5.49,6.49,False,False,True
302,Secret Oath,103,PG,4.49,5.99,False,True,False
303,Silent River,124,R,4.49,4.99,False,False,True
304,Crimson Storm,147,PG,2.99,3.49,False,True,False
305,Lost Oath,168,PG,5.99,6.49,False,False,False
306,Secret City,160,R,2.99,3.49,False,True,True
307,Wild City,175,18A,4.99,6.49,False,True,True
308,Crimson Oath,93,14A,4.49,5.99,True,True,False
309,Rising Legacy,160,G,3.49,4.99,True,True,False
310,Golden Dreams,102,PG,3.99,4.49,False,False,True
311,Rising Oath,89,R,4.99,6.49,True,False,False
312,Crimson Odyssey,119,R,2.99,3.99,False,True,True
313,Forgotten Legacy,174,18A,5.99,6.49,False,False,True
314,Lost Garden,154,R,5.99,6.99,False,False,True
315,Secret River,82,14A,2.99,4.49,False,False,True
316,Fading Mirage,114,G,4.99,6.49,False,True,True
317,Electric Echoes,96,G,2.99,3.99,True,False,False
318,Final Voices,133,PG,5.99,6.49,True,False,False
319,Lost Storm,131,R,4.49,5.49,True,False,False
320,Neon Spectrum,96,14A,3.49,3.99,False,False,True
321,Golden Echoes,177,PG,2.99,3.49,False,True,True
322,Burning Garden,88,PG,3.99,5.49,True,False,False
323,Silent Pulse,92,G,5.99,6.49,True,True,False
324,Neon Storm,165,14A,5.99,6.49,False,False,True
325,Furious Empire,101,R,4.99,5.99,False,True,False
326,Midnight Voices,180,R,5.99,6.99,False,False,True
327,Silent Dreams,164,14A,5.99,6.99,False,False,True
328,Lost Echoes,101,18A,5.99,7.49,False,False,False
329,Lost City,144,14A,3.99,4.99,False,False,False
330,Final Empire,134,R,3.49,4.49,False,False,False
331,Secret Mirage,175,18A,4.99,5.49,False,False,True
332,Wild Oath,145,14A,3.99,4.99,False,True,False
333,Lost Oath,101,R,3.99,5.49,False,True,True
334,Broken City,89,PG,2.99,4.49,False,False,True
335,Lost Frontier,170,G,2.99,3.99,False,True,True
336,Golden Frontier,164,18A,5.99,7.49,False,True,True
337,Final Spectrum,110,G,2.99,4.49,False,False,False
338,Endless Pulse,179,R,3.99,4.49,False,True,False
339,Broken Shadows,174,PG,4.99,5.99,False,False,True
340,Shattered Pulse,136,18A,2.99,3.49,False,True,True
341,Rising Horizon,120,PG,3.49,3.99,False,True,True
342,Endless Mirage,139,18A,3.99,4.49,True,True,False
343,Wandering Spectrum,129,18A,5.99,6.99,False,False,True
344,Wandering Horizon,110,14A,3.99,5.49,True,False,False
345,Midnight Horizon,162,R,3.49,3.99,False,True,True
346,Midnight City,87,R,5.49,6.49,False,True,True
347,Neon Shadows,153,G,4.99,5.99,False,True,True
348,Golden Horizon,174,PG,5.99,7.49,False,True,True
349,Wild Skies,151,14A,3.49,3.99,False,False,True
350,Shattered Skies,93,G,4.49,5.99,False,False,True
351,Electric Horizon,119,14A,4.49,4.99,False,False,True
352,Midnight Horizon,129,PG,3.99,5.49,True,True,False
353,Wild Spectrum,128,R,3.99,4.49,False,False,True
354,Rising Empire,101,14A,3.49,4.99,False,True,True
355,Neon Promise,174,R,2.99,4.49,False,True,True
356,Wild City,155,18A,5.49,6.99,False,True,True
357,Furious Legacy,169,R,4.99,5.49,False,True,True
358,Broken Shadows,102,PG,5.99,7.49,False,True,False
359,Neon Dreams,157,R,3.99,4.49,False,True,False
360,Shattered Echoes,103,18A,3.99,4.49,False,False,True
361,Electric Promise,88,PG,5.49,6.99,False,True,True
362,Lost Odyssey,134,G,4.99,6.49,True,True,False
363,Neon Shadows,152,14A,4.49,4.99,False,True,False
364,Rising Promise,165,14A,4.99,6.49,False,False,True
365,Wild Shadows,83,14A,4.49,4.99,True,True,False
366,Golden Empire,128,18A,5.49,6.99,False,True,True
367,Rising Mirage,122,R,5.99,6.99,True,True,False
368,Rising Pulse,175,PG,4.99,5.99,True,False,False
369,Neon Empire,165,14A,2.99,3.49,True,True,False
370,Final Voices,155,18A,5.49,6.49,False,False,True
371,Endless Spectrum,115,G,3.49,4.49,True,True,False
372,Secret Empire,118,PG,3.49,4.99,False,True,True
373,Burning Labyrinth,91,R,4.99,5.99,False,True,True
374,Rising Oath,111,18A,4.49,5.99,False,True,True
375,Lost City,84,PG,2.99,4.49,False,False,True
376,Wandering Dreams,158,R,4.49,5.99,False,False,True
377,Forgotten Dreams,115,14A,4.99,5.99,False,False,False
378,Broken Frontier,130,PG,3.99,5.49,False,False,True
379,Rising Mirage,151,18A,3.99,5.49,False,True,True
380,Furious Pulse,128,R,3.49,4.49,False,False,False
381,Electric Pulse,120,14A,2.99,3.49,True,False,False
382,Furious Promise,164,R,5.99,6.99,False,True,True
383,Wild Frontier,142,18A,3.49,3.99,False,True,False
384,Crimson River,83,18A,5.49,6.49,False,False,True
385,Broken Empire,151,PG,3.99,4.49,False,True,False
386,Electric Dreams,96,R,4.49,5.49,False,True,False
387,Rising Spectrum,124,R,4.49,5.99,False,False,True
388,Lost Mirage,80,14A,3.49,4.49,False,True,True
389,Lost Echoes,120,PG,4.99,5.49,False,True,True
390,Final Echoes,86,14A,4.49,5.99,False,True,True
391,Forgotten Empire,136,18A,2.99,3.99,False,False,False
392,Golden Empire,171,G,4.99,5.49,False,False,True
393,Lost Shadows,140,R,4.49,4.99,True,True,False
394,Hidden Echoes,118,18A,5.99,6.49,False,True,True
395,Wild Labyrinth,134,G,3.49,4.99,False,True,False
396,Silent Spectrum,101,R,5.49,6.99,False,True,True
397,Fading City,147,R,5.49,6.49,False,False,False
398,Secret Labyrinth,104,G,4.99,6.49,False,True,True
399,Lost Oath,157,G,4.99,5.99,False,True,True
400,Wandering River,126,14A,5.49,6.99,False,False,True
401,Midnight Labyrinth,136,14A,5.99,7.49,True,False,False
402,Broken Legacy,143,G,3.99,5.49,False,True,True
403,Endless Dreams,150,R,5.99,6.49,False,False,True
404,Electric Shadows,176,14A,3.49,3.99,True,True,False
405,Lost Labyrinth,104,PG,5.49,6.99,False,False,True
406,Lost Odyssey,143,18A,5.49,6.99,False,False,True
407,Neon Labyrinth,109,18A,4.49,5.99,True,True,False
408,Silent Storm,133,G,2.99,4.49,True,True,False
409,Midnight Dreams,133,18A,3.99,4.99,False,True,True
410,Silent Promise,140,R,5.49,5.99,False,True,True
411,Shattered Spectrum,85,R,4.99,5.99,False,False,True
412,Forgotten Garden,111,PG,3.99,4.99,True,False,False
413,Secret Echoes,102,PG,4.49,5.99,False,True,False
414,Wild Frontier,169,14A,5.49,6.49,False,True,True
415,Fading Mirage,174,PG,2.99,3.49,False,False,False
416,Furious Oath,154,PG,5.49,6.49,True,False,False
417,Crimson Oath,159,R,2.99,3.99,False,False,True
418,Hidden Garden,113,PG,2.99,3.99,False,True,True
419,Silent Oath,116,G,4.49,5.99,False,False,True
420,Wandering Storm,82,18A,2.99,4.49,False,True,False
421,Hidden Oath,171,PG,4.99,5.99,True,False,False
422,Rising Horizon,141,18A,5.99,6.49,False,False,True
423,Shattered Garden,171,G,4.99,6.49,False,False,True
424,Rising Oath,126,18A,3.49,4.49,False,True,True
425,Endless Shadows,141,14A,2.99,3.49,False,True,False
426,Burning Spectrum,166,G,5.49,5.99,False,False,False
427,Electric Echoes,133,18A,4.99,6.49,False,False,True
428,Furious Promise,145,14A,4.49,5.99,False,False,True
429,Furious Dreams,84,R,2.99,3.49,True,True,False
430,Forgotten Odyssey,104,PG,5.99,7.49,False,False,True
431,Crimson Spectrum,135,R,5.49,6.49,True,True,False
432,Furious Skies,96,PG,3.49,4.99,True,True,False
433,Secret Pulse,146,R,3.99,4.49,True,False,False
434,Forgotten Horizon,134,14A,3.49,4.49,False,False,True
435,Wild Frontier,125,18A,2.99,4.49,False,True,True
436,Final Storm,131,18A,4.99,5.49,False,True,True
437,Burning Legacy,178,G,5.99,6.49,False,False,False
438,Hidden Labyrinth,130,PG,3.49,4.49,True,True,False
439,Lost Skies,98,18A,5.49,6.99,True,True,False
440,Furious Skies,134,R,5.49,6.49,True,True,False
441,Rising Horizon,91,14A,5.49,6.99,True,False,False
442,Midnight Shadows,89,G,5.49,6.49,False,True,True
443,Electric Empire,149,PG,5.49,6.99,True,True,False
444,Hidden Echoes,154,G,3.49,4.99,False,True,True
445,Final Labyrinth,89,18A,4.99,6.49,False,False,False
446,Final Mirage,117,18A,4.49,4.99,False,True,False
447,Burning Shadows,175,PG,4.49,4.99,False,False,False
448,Neon Labyrinth,129,PG,4.99,6.49,True,False,False
449,Crimson Garden,151,G,4.99,6.49,True,False,False
450,Fading Skies,179,PG,4.49,4.99,False,False,True
451,Wandering Shadows,91,14A,3.99,5.49,False,True,False
452,Shattered Promise,83,R,3.99,4.49,False,True,True
453,Wild Odyssey,169,G,5.99,6.49,True,True,False
454,Shattered Garden,175,R,5.99,6.99,True,True,False
455,Broken Shadows,82,G,5.49,6.49,False,False,False
456,Midnight Legacy,113,14A,3.99,4.49,True,True,False
457,Shattered Voices,117,18A,3.49,4.99,False,False,True
458,Forgotten Skies,81,R,2.99,3.49,True,False,False
459,Shattered Garden,81,PG,4.99,5.49,False,True,True
460,Fading Odyssey,102,14A,4.49,4.99,False,True,True
461,Broken Echoes,148,R,5.49,6.99,False,True,False
462,Final Skies,169,PG,5.49,6.49,True,True,False
463,Secret Echoes,175,14A,5.49,5.99,False,False,True
464,Electric Dreams,117,R,3.49,4.49,False,True,True
465,Endless Shadows,100,18A,5.99,6.99,True,True,False
466,Broken Odyssey,80,14A,3.99,5.49,True,False,False
467,Secret Echoes,171,PG,5.99,6.99,True,False,False
468,Final Mirage,105,18A,3.99,4.99,False,True,False
469,Lost Frontier,99,14A,5.49,5.99,False,False,True
470,Endless Echoes,164,PG,3.99,4.99,True,False,False
471,Crimson Legacy,120,18A,4.99,6.49,True,True,False
472,Golden Spectrum,160,G,4.99,5.99,True,False,False
473,Hidden Spectrum,118,G,2.99,4.49,False,True,False
474,Hidden Dreams,139,14A,5.49,5.99,False,False,False
475,Secret Skies,133,G,2.99,3.99,True,True,False
476,Golden Legacy,174,PG,4.49,5.99,False,True,False
477,Crimson Voices,134,R,3.99,5.49,True,True,False
478,Wandering Pulse,129,PG,4.49,4.99,False,False,False
479,Rising Frontier,100,R,4.49,4.99,False,False,False
480,Endless Skies,154,18A,2.99,4.49,True,False,False
481,Midnight Oath,119,14A,4.99,6.49,True,True,False
482,Furious Pulse,121,PG,3.99,4.99,True,False,False
483,Wild Shadows,157,14A,5.49,6.49,False,False,True
484,Rising Garden,103,G,5.49,5.99,True,False,False
485,Furious Shadows,139,18A,4.49,5.99,False,False,True
486,Secret Mirage,112,G,5.99,6.99,False,False,True
487,Forgotten Empire,97,PG,2.99,3.49,False,True,False
488,Crimson Dreams,85,PG,3.49,3.99,False,True,True
489,Silent Storm,102,G,4.99,5.49,False,False,True
490,Electric Garden,87,R,3.99,5.49,False,False,True
491,Wild Odyssey,113,G,5.49,6.49,False,True,True
492,Secret Pulse,100,14A,2.99,3.49,True,False,False
493,Secret Pulse,87,14A,5.99,7.49,False,True,False
494,Midnight Pulse,85,14A,4.99,5.49,False,True,True
495,Neon Frontier,97,G,2.99,3.49,False,False,False
496,Endless Dreams,143,G,4.49,4.99,False,False,True
497,Secret Garden,120,G,5.99,6.49,False,False,True
498,Midnight Storm,175,R,5.99,7.49,False,True,True
499,Rising Frontier,80,18A,5.49,5.99,True,True,False
500,Golden Legacy,144,18A,5.49,6.99,False,False,True
501,Fading Legacy,138,PG,3.49,4.99,False,True,True
502,Hidden Oath,83,G,3.49,4.99,True,False,False
503,Wandering Mirage,119,G,5.99,6.49,False,False,True
504,Fading Spectrum,174,R,3.99,5.49,True,False,False
505,Burning Horizon,106,18A,2.99,4.49,False,False,True
506,Midnight Mirage,93,R,4.49,5.49,False,True,True
507,Furious Frontier,155,14A,2.99,3.99,True,False,False
508,Shattered River,177,14A,3.99,4.49,False,False,True
509,Golden Voices,168,PG,2.99,3.49,False,True,True
510,Shattered Labyrinth,124,18A,5.49,5.99,True,False,False
511,Neon Dreams,82,PG,5.99,6.49,False,True,True
512,Neon Shadows,104,G,4.49,4.99,False,False,True
513,Wandering Odyssey,166,18A,3.49,3.99,False,False,True
514,Broken Dreams,172,PG,3.49,4.49,False,False,False
515,Crimson Odyssey,176,18A,3.99,4.99,False,True,False
516,Endless Horizon,163,G,5.49,6.49,False,False,True
517,Golden Promise,95,18A,3.49,4.49,False,False,True
518,Wandering Storm,97,18A,2.99,4.49,False,False,True
519,Silent Echoes,84,R,3.49,4.99,False,True,False
520,Wandering Empire,144,18A,3.99,4.49,True,False,False
521,Shattered Echoes,80,R,4.99,5.49,False,True,False
522,Lost Legacy,86,18A,3.49,4.99,True,False,False
523,Wild Promise,164,G,3.99,4.49,True,True,False
524,Rising Legacy,125,R,2.99,4.49,False,True,True
525,Crimson River,99,14A,5.49,6.49,False,True,False
526,Electric Mirage,98,PG,4.49,5.99,True,False,False
527,Burning Skies,82,G,5.99,7.49,True,True,False
528,Crimson River,156,G,4.99,5.49,False,False,False
529,Wandering Empire,97,18A,5.99,7.49,False,True,True
530,Crimson City,114,G,2.99,3.99,False,False,True
531,Shattered City,109,R,5.99,6.49,False,True,True
532,Broken Labyrinth,118,R,5.99,6.99,False,False,True
533,Silent Oath,98,18A,5.99,7.49,True,False,False
534,Lost Mirage,171,14A,3.49,4.49,True,False,False
535,Rising Legacy,106,18A,2.99,4.49,True,False,False
536,Neon Frontier,89,PG,5.99,6.49,False,False,False
537,Forgotten Legacy,118,PG,5.99,6.99,False,True,False
538,Silent Garden,118,14A,4.99,5.99,False,False,False
539,Furious Promise,101,R,3.99,4.49,False,True,False
540,Lost Garden,161,18A,3.49,4.99,False,True,True
541,Secret Spectrum,123,PG,4.49,5.49,False,False,True
542,Silent Storm,117,PG,4.49,5.49,False,True,True
543,Broken Spectrum,156,G,4.49,5.99,False,True,False
544,Rising Storm,160,PG,3.99,4.49,False,True,True
545,Golden Empire,97,R,3.99,4.99,True,False,False
546,Electric Empire,84,PG,3.49,4.99,False,True,True
547,Fading Spectrum,149,14A,3.99,4.99,False,False,True
548,Electric Oath,101,R,5.99,7.49,False,False,True
549,Fading River,110,G,3.99,4.99,False,True,False
550,Midnight Shadows,89,G,3.49,4.49,False,True,True
551,Wild Oath,138,18A,5.99,7.49,False,False,False
552,Rising City,150,R,4.99,5.99,False,True,False
553,Crimson Pulse,159,PG,4.99,5.99,False,False,True
554,Broken City,135,14A,4.99,6.49,False,False,True
555,Furious Garden,112,PG,5.49,5.99,True,False,False
556,Forgotten Oath,171,G,5.49,5.99,False,True,True
557,Silent Dreams,162,G,3.49,4.49,False,True,False
558,Fading River,93,PG,5.49,6.49,True,False,False
559,Wild Legacy,144,G,5.49,5.99,True,False,False
560,Broken Voices,90,PG,2.99,3.49,False,False,True
561,Shattered Horizon,159,PG,2.99,3.49,False,False,True
562,Final Promise,138,14A,5.49,6.49,False,True,False
563,Crimson Spectrum,88,PG,3.99,4.49,False,True,True
564,Wandering Horizon,142,18A,5.49,6.49,False,True,False
565,Lost River,165,18A,4.49,5.99,False,False,True
566,Neon Mirage,154,14A,2.99,3.99,True,False,False
567,Final Mirage,96,R,4.49,5.99,False,False,True
568,Fading Empire,127,PG,2.99,3.49,True,False,False
569,Secret Labyrinth,153,R,4.99,5.99,True,True,False
570,Burning Labyrinth,89,18A,5.99,6.99,False,False,False
571,Hidden Pulse,146,14A,3.99,5.49,False,True,True
572,Broken Oath,110,R,5.99,7.49,False,True,False
573,Lost Dreams,82,R,4.49,5.49,True,True,False
574,Shattered Shadows,173,G,2.99,4.49,False,False,False
575,Secret Empire,131,18A,5.99,6.49,False,False,True
576,Silent Odyssey,100,G,5.99,6.49,False,False,True
577,Neon Horizon,136,G,4.49,5.49,False,False,True
578,Broken Spectrum,94,14A,4.49,5.49,True,True,False
579,Wandering Spectrum,176,G,5.49,6.99,False,True,True
580,Furious Empire,145,18A,2.99,4.49,False,True,True
581,Fading Labyrinth,103,R,3.99,4.49,True,False,False
582,Fading Oath,157,R,3.49,3.99,False,True,False
583,Broken Odyssey,138,G,5.49,5.99,False,True,True
584,Fading Empire,123,14A,2.99,4.49,False,False,True
585,Rising Garden,162,R,3.99,5.49,False,True,True
586,Midnight Legacy,109,G,2.99,4.49,False,True,False
587,Forgotten River,121,R,5.49,6.99,False,False,True
588,Silent Shadows,104,14A,4.49,5.99,False,False,True
589,Final Empire,170,14A,5.49,5.99,False,False,True
590,Shattered Labyrinth,119,PG,5.99,7.49,False,False,True
591,Forgotten Voices,139,PG,2.99,3.49,False,True,True
592,Wandering Echoes,140,G,3.49,4.99,True,False,False
593,Electric Empire,173,18A,4.49,5.49,False,False,True
594,Fading Voices,95,G,5.99,6.99,False,True,True
595,Rising Labyrinth,158,G,4.49,4.99,True,False,False
596,Secret Empire,123,PG,3.99,4.49,False,True,False
597,Silent Voices,128,18A,3.49,4.99,True,True,False
598,Endless Shadows,178,R,4.99,5.99,False,False,False
599,Silent Frontier,140,G,5.49,5.99,False,True,False
600,Midnight Spectrum,133,18A,4.99,5.49,False,False,True
601,Midnight City,98,PG,3.49,4.99,False,True,False
602,Silent City,164,G,2.99,4.49,False,False,True
603,Neon Spectrum,140,14A,2.99,3.49,False,False,False
604,Rising Spectrum,115,R,2.99,4.49,False,True,True
605,Hidden Dreams,132,14A,5.49,5.99,False,False,True
606,Secret Horizon,152,R,3.49,4.99,False,True,True
607,Furious Spectrum,112,R,4.99,6.49,False,True,True
608,Endless Garden,170,R,4.99,5.99,False,True,True
609,Rising Oath,133,18A,5.49,5.99,False,False,False
610,Forgotten Promise,163,G,3.49,4.99,True,False,False
611,Lost Spectrum,113,R,2.99,3.49,False,False,True
612,Broken Skies,116,18A,5.49,6.49,False,True,False
613,Wandering Mirage,127,14A,3.99,4.49,False,True,True
614,Rising Oath,85,G,5.49,6.99,False,True,True
615,Wandering Labyrinth,161,18A,4.49,5.99,False,True,False
616,Wandering Dreams,135,14A,3.99,4.99,False,False,True
617,Wild Garden,169,14A,3.99,5.49,False,False,False
618,Golden Frontier,147,PG,3.49,4.49,False,True,False
619,Fading River,140,R,2.99,3.49,False,False,True
620,Hidden Pulse,144,R,3.49,3.99,False,False,True
621,Broken Voices,176,G,4.99,5.49,False,True,True
622,Neon Odyssey,170,18A,5.99,7.49,True,False,False
623,Midnight Pulse,97,G,5.49,5.99,False,False,False
624,Secret Dreams,83,18A,3.99,5.49,True,True,False
625,Fading Mirage,177,R,3.99,4.49,False,True,False
626,Shattered Garden,161,PG,3.99,4.99,False,True,True
627,Midnight City,169,R,4.49,4.99,False,True,True
628,Neon Pulse,148,18A,3.49,3.99,True,True,False
629,Midnight Empire,93,PG,3.49,4.99,False,True,False
630,Burning City,134,18A,3.49,3.99,False,True,False
631,Rising Voices,123,14A,5.99,7.49,True,True,False
632,Rising Labyrinth,116,14A,5.49,5.99,False,False,False
633,Broken Frontier,157,G,3.49,4.99,False,False,True
634,Lost Spectrum,155,R,4.99,5.49,True,False,False
635,Hidden Voices,178,G,4.49,5.49,False,False,True
636,Lost Odyssey,90,14A,3.99,4.49,False,True,False
637,Golden Frontier,153,G,2.99,3.49,False,True,True
638,Final Oath,126,14A,3.99,4.49,True,False,False
639,Final Shadows,98,G,5.49,6.99,False,True,True
640,Electric Frontier,82,14A,3.99,4.49,False,True,False
641,Rising Skies,156,14A,4.49,5.99,True,False,False
642,Burning Mirage,135,G,3.99,4.99,False,False,True
643,Shattered Voices,116,PG,5.99,6.99,False,False,True
644,Secret Storm,90,18A,5.99,6.99,False,False,False
645,Furious Horizon,140,G,2.99,3.49,False,True,False
646,Golden Horizon,109,18A,3.99,4.99,False,False,True
647,Furious Horizon,110,18A,3.49,4.49,False,False,False
648,Neon City,90,PG,3.49,4.49,False,False,True
649,Final Empire,155,R,5.49,5.99,False,False,True
650,Wandering Oath,169,G,5.99,7.49,True,False,False
651,Final Spectrum,132,G,3.99,5.49,False,False,False
652,Wandering Shadows,132,18A,3.49,4.49,False,False,True
653,Fading Promise,93,PG,4.49,5.99,False,True,True
654,Crimson Mirage,96,G,4.49,5.99,False,True,True
655,Endless Dreams,85,PG,5.49,6.99,False,True,True
656,Broken Odyssey,119,R,4.49,5.49,False,True,True
657,Hidden Pulse,99,PG,3.99,5.49,True,True,False
658,Rising Dreams,114,18A,2.99,4.49,True,True,False
659,Wandering Shadows,146,G,5.99,7.49,False,True,False
660,Electric Storm,172,G,3.49,3.99,False,False,True
661,Secret Dreams,137,G,3.49,4.49,False,True,True
662,Hidden Dreams,163,PG,3.49,3.99,False,False,True
663,Shattered Pulse,153,G,3.99,5.49,False,False,True
664,Secret Odyssey,107,R,2.99,3.99,True,False,False
665,Wandering Shadows,173,G,3.49,4.99,True,True,False
666,Shattered City,111,R,2.99,3.99,False,False,True
667,Rising Garden,147,14A,4.49,5.49,False,True,True
668,Secret Voices,180,18A,3.99,4.49,False,True,True
669,Silent Frontier,137,PG,5.99,7.49,False,False,True
670,Furious Echoes,103,PG,4.49,5.99,False,True,True
671,Silent Frontier,105,G,5.49,6.49,False,False,True
672,Rising River,137,14A,3.99,4.49,False,False,True
673,Broken Voices,173,14A,3.99,5.49,True,True,False
674,Lost Skies,112,PG,4.49,5.99,False,True,True
675,Rising Oath,142,R,4.99,5.49,True,False,False
676,Broken Spectrum,112,G,3.49,4.49,True,True,False
677,Hidden Storm,132,R,5.99,6.49,False,True,True
678,Broken Echoes,173,14A,4.49,4.99,False,False,True
679,Hidden Skies,92,PG,2.99,3.99,False,False,False
680,Burning Legacy,106,R,5.99,6.99,True,False,False
681,Fading Frontier,165,PG,4.49,5.49,False,True,True
682,Broken Odyssey,178,G,5.99,7.49,False,True,True
683,Midnight Legacy,172,14A,5.99,6.99,False,True,True
684,Shattered Shadows,82,PG,4.49,4.99,True,True,False
685,Broken Voices,106,G,3.99,5.49,True,True,False
686,Rising Empire,154,R,4.99,6.49,False,False,True
687,Neon Garden,103,18A,5.99,7.49,False,False,False
688,Burning Promise,97,R,3.49,3.99,False,True,True
689,Final Empire,168,14A,2.99,4.49,False,False,False
690,Wild Mirage,146,18A,4.49,5.49,False,False,True
691,Forgotten Empire,114,18A,4.99,5.99,True,True,False
692,Wandering Shadows,127,PG,4.49,4.99,True,False,False
693,Golden Promise,84,14A,3.49,4.99,False,False,True
694,Silent River,139,14A,4.99,5.99,True,True,False
695,Hidden Storm,158,G,5.99,7.49,False,True,True
696,Furious River,157,PG,5.99,6.99,False,True,False
697,Wandering Promise,150,18A,4.99,5.99,False,True,True
698,Fading Mirage,148,G,5.49,6.49,False,False,False
699,Wandering Empire,154,G,5.99,6.49,False,True,True
700,Burning Skies,85,PG,3.99,4.49,True,True,False
701,Midnight River,150,PG,3.99,4.99,True,False,False
702,Hidden River,128,PG,5.49,5.99,False,False,True
703,Burning Frontier,133,14A,5.99,6.99,False,False,True
704,Burning Legacy,124,18A,5.99,6.99,False,False,True
705,Secret Legacy,114,PG,5.99,7.49,False,True,True
706,Fading Frontier,167,PG,2.99,4.49,False,False,True
707,Wandering Storm,172,R,5.49,6.49,False,False,True
708,Final Dreams,129,PG,4.49,4.99,False,True,False
709,Broken Storm,98,18A,4.99,6.49,False,True,True
710,Final Horizon,102,18A,3.99,5.49,False,False,True
711,Secret Pulse,179,R,3.99,4.49,False,False,True
712,Forgotten Echoes,168,G,3.99,4.99,False,False,True
713,Electric Dreams,120,14A,5.49,6.99,False,False,True
714,Silent Frontier,99,G,4.99,6.49,False,True,True
715,Shattered Shadows,150,14A,5.49,6.49,False,False,True
716,Wild City,161,14A,4.49,4.99,False,True,False
717,Neon Horizon,97,R,5.49,6.49,True,True,False
718,Rising Empire,162,G,5.99,6.49,False,True,False
719,Neon Storm,158,14A,3.99,5.49,False,True,False
720,Endless Echoes,180,14A,5.99,6.49,True,True,False
721,Fading Horizon,95,R,2.99,3.49,False,False,False
722,Shattered Odyssey,120,G,3.49,4.49,False,True,False
723,Rising Oath,113,G,4.49,5.49,False,True,False
724,Burning Storm,101,R,2.99,4.49,False,True,False
725,Endless Labyrinth,97,PG,5.99,6.99,False,False,True
726,Wild River,124,18A,3.99,4.49,False,False,True
727,Fading Frontier,173,R,3.99,5.49,False,True,False
728,Golden Garden,180,14A,2.99,3.99,False,True,True
729,Wild Spectrum,130,18A,5.49,5.99,False,True,True
730,Shattered Dreams,133,PG,4.49,5.99,False,False,True
731,Shattered Garden,180,R,4.49,5.49,False,False,True
732,Silent City,140,G,4.49,4.99,False,False,False
733,Final Voices,122,G,5.99,7.49,True,True,False
734,Rising Garden,121,18A,5.49,6.49,False,True,True
735,Wild Horizon,169,R,5.99,6.99,False,True,True
736,Crimson Pulse,82,G,2.99,4.49,False,True,True
737,Golden Promise,124,14A,5.49,6.49,False,True,True
738,Electric Pulse,124,R,3.99,4.49,False,True,False
739,Rising Frontier,174,18A,4.99,5.49,False,False,False
740,Electric Horizon,101,14A,4.99,5.99,True,False,False
741,Crimson Frontier,114,G,2.99,4.49,False,True,False
742,Secret Frontier,98,PG,4.49,4.99,False,False,False
743,Golden Dreams,86,14A,3.49,4.49,False,False,True
744,Endless Oath,142,PG,3.99,4.99,False,True,False
745,Furious Voices,88,18A,3.49,4.49,False,False,True
746,Electric Empire,167,14A,5.49,6.49,False,True,True
747,Broken Frontier,172,R,3.49,4.99,True,True,False
748,Hidden Voices,139,14A,4.99,5.49,False,False,False
749,Broken Spectrum,118,R,4.99,5.49,False,True,False
750,Fading Dreams,133,14A,4.49,5.49,True,True,False
751,Secret Labyrinth,115,18A,2.99,4.49,False,False,False
752,Lost Pulse,137,R,4.99,6.49,False,False,True
753,Burning Horizon,101,G,3.99,5.49,False,False,True
754,Broken Voices,83,G,3.49,4.49,False,True,True
755,Golden Horizon,178,PG,2.99,3.49,False,True,True
756,Silent Pulse,149,PG,3.99,5.49,False,True,False
757,Silent Mirage,142,14A,3.49,4.49,True,False,False
758,Electric Echoes,86,18A,4.99,6.49,False,False,True
759,Electric Oath,93,G,4.49,5.99,False,False,False
760,Golden Mirage,159,14A,3.99,4.99,False,True,True
761,Fading Mirage,159,14A,2.99,3.99,False,True,False
762,Burning Storm,145,R,4.49,5.99,False,True,False
763,Burning Spectrum,163,PG,5.49,6.49,False,True,True
764,Golden Mirage,159,G,3.49,3.99,False,False,False
765,Wild Promise,84,18A,3.49,4.99,False,False,True
766,Silent Odyssey,104,G,5.99,7.49,False,True,True
767,Silent Storm,115,18A,3.99,4.99,False,True,True
768,Shattered Horizon,99,18A,4.99,6.49,True,True,False
769,Golden Echoes,85,18A,3.99,4.49,False,False,True
770,Wandering Horizon,172,18A,5.99,6.99,False,True,True
771,Shattered Labyrinth,142,G,3.99,4.99,True,False,False
772,Neon Shadows,155,14A,3.99,5.49,False,False,True
773,Secret Odyssey,169,G,5.49,5.99,True,True,False
774,Shattered Voices,109,R,5.49,6.99,True,False,False
775,Golden Legacy,83,R,4.99,5.99,False,False,True
776,Midnight Skies,122,PG,3.49,3.99,False,True,True
777,Neon Garden,114,G,3.99,4.99,False,True,False
778,Golden Spectrum,105,PG,3.49,4.99,False,True,True
779,Forgotten Legacy,143,G,5.99,6.49,True,False,False
780,Wild Oath,141,14A,3.99,5.49,True,False,False
781,Wandering River,107,14A,3.99,4.49,False,False,True
782,Broken City,179,14A,3.99,5.49,True,False,False
783,Wild Odyssey,153,R,3.49,4.49,False,True,True
784,Furious Garden,90,G,5.49,6.49,False,True,True
785,Broken Labyrinth,101,18A,4.49,5.99,False,False,True
786,Rising River,119,18A,4.49,5.49,False,True,True
787,Final Mirage,130,R,3.49,3.99,False,False,False
788,Wild Dreams,95,PG,5.99,6.99,False,True,True
789,Hidden Legacy,147,18A,2.99,3.99,False,True,True
790,Silent Spectrum,174,14A,3.99,4.49,True,False,False
791,Forgotten Storm,167,G,3.49,4.99,True,True,False
792,Crimson Spectrum,123,18A,3.49,4.49,False,False,True
793,Rising River,156,R,4.99,5.49,True,True,False
794,Midnight Frontier,136,PG,2.99,4.49,False,False,True
795,Shattered Garden,156,18A,4.49,5.49,False,False,False
796,Silent Legacy,81,G,4.49,4.99,False,False,False
797,Neon Shadows,119,R,3.49,4.49,False,True,False
798,Wandering Shadows,101,G,3.49,3.99,True,True,False
799,Hidden Labyrinth,180,18A,5.49,6.99,True,True,False
800,Midnight Odyssey,151,PG,3.49,4.99,True,False,False
801,Shattered Voices,125,PG,4.49,5.99,False,True,True
802,Endless Promise,153,R,4.49,4.99,False,True,False
803,Endless City,117,R,4.49,5.99,False,True,True
804,Wild Shadows,146,18A,3.99,4.99,True,False,False
805,Wandering River,141,G,4.49,5.49,True,True,False
806,Crimson Spectrum,121,14A,3.99,4.49,False,True,True
807,Electric Voices,153,PG,5.99,6.99,False,True,True
808,Midnight Shadows,105,14A,3.49,4.49,False,True,False
809,Shattered Dreams,166,14A,3.99,4.49,False,False,False
810,Endless River,123,14A,5.99,7.49,False,True,True
811,Shattered Empire,91,14A,4.99,6.49,False,True,True
812,Silent City,141,R,3.49,4.99,False,True,True
813,Rising Voices,111,14A,3.49,4.49,False,False,False
814,Shattered Pulse,168,18A,4.49,4.99,False,True,True
815,Golden Shadows,96,14A,4.99,5.49,True,True,False
816,Broken Promise,98,R,3.99,4.99,True,True,False
817,Electric River,86,14A,5.99,6.49,False,True,True
818,Hidden Shadows,157,G,5.99,6.99,False,True,True
819,Fading Dreams,86,18A,4.99,5.99,False,True,True
820,Golden Skies,151,G,3.99,5.49,False,True,True
821,Lost Legacy,164,14A,5.99,7.49,False,True,False
822,Neon Dreams,154,G,4.99,6.49,False,False,False
823,Endless Echoes,107,G,4.99,6.49,False,True,True
824,Hidden Oath,172,18A,3.99,4.99,True,False,False
825,Wandering River,104,14A,4.99,5.49,False,True,True
826,Broken City,179,18A,3.49,4.49,False,False,True
827,Final Voices,155,PG,2.99,4.49,False,True,False
828,Lost Dreams,148,PG,5.49,6.99,True,False,False
829,Hidden Mirage,83,G,4.49,5.49,True,True,False
830,Furious Empire,134,18A,2.99,3.99,False,False,True
831,Wandering Promise,100,G,5.49,6.49,False,True,False
832,Neon City,145,PG,2.99,3.49,False,True,True
833,Endless Voices,114,18A,4.49,5.99,False,False,True
834,Wandering Spectrum,135,14A,4.99,5.49,False,False,True
835,Secret Promise,91,14A,4.99,5.99,False,False,True
836,Furious Echoes,94,PG,4.49,4.99,False,False,False
837,Lost Legacy,83,18A,3.49,4.99,False,True,False
838,Silent Shadows,153,R,5.99,6.49,True,True,False
839,Golden Voices,133,14A,3.99,4.49,False,False,True
840,Lost Empire,110,R,3.99,5.49,False,False,True
841,Final Garden,117,18A,3.99,4.49,False,True,True
842,Fading Horizon,121,PG,3.99,5.49,False,False,True
843,Furious Pulse,95,PG,3.99,4.49,False,True,True
844,Shattered Echoes,177,PG,3.49,4.49,False,False,True
845,Wild Garden,82,18A,4.49,4.99,False,False,False
846,Lost Garden,171,18A,4.99,5.49,False,True,False
847,Hidden City,90,14A,2.99,3.99,False,False,True
848,Silent Odyssey,140,18A,4.99,5.99,False,True,True
849,Shattered Horizon,178,18A,5.49,6.49,False,True,True
850,Final City,123,18A,3.49,4.49,False,True,False
851,Hidden Dreams,179,PG,4.99,5.99,False,False,True
852,Golden Pulse,80,18A,4.49,5.49,False,True,True
853,Fading Legacy,164,PG,3.49,4.49,True,False,False
854,Hidden Skies,83,PG,3.49,3.99,True,False,False
855,Broken Empire,157,R,3.49,3.99,False,False,True
856,Midnight Garden,140,14A,5.49,6.49,True,True,False
857,Forgotten Echoes,141,14A,3.99,4.49,False,False,False
858,Forgotten Horizon,90,R,3.49,3.99,False,True,True
859,Hidden Empire,148,G,4.49,5.49,True,False,False
860,Midnight Echoes,176,R,2.99,4.49,False,False,True
861,Wandering Odyssey,151,18A,3.99,4.49,False,True,False
862,Endless Mirage,159,PG,5.99,6.99,False,False,True
863,Shattered Empire,178,18A,4.99,5.99,True,False,False
864,Secret City,93,G,3.99,4.99,False,True,False
865,Fading Spectrum,169,R,5.49,6.49,False,False,False
866,Final Storm,173,R,4.99,5.99,False,True,True
867,Electric Promise,110,PG,5.49,5.99,False,False,True
868,Hidden Skies,166,18A,3.49,3.99,True,False,False
869,Broken Mirage,139,18A,3.49,4.49,False,False,True
870,Lost Mirage,159,G,3.99,4.49,True,True,False
871,Wandering Skies,131,G,3.49,3.99,True,True,False
872,Forgotten Voices,162,R,2.99,4.49,False,True,True
873,Hidden Mirage,162,G,5.49,6.49,False,False,False
874,Midnight Shadows,125,14A,4.99,6.49,False,False,False
875,Secret Voices,93,18A,5.49,6.99,False,True,True
876,Midnight Mirage,167,14A,4.49,5.49,False,True,False
877,Burning River,153,18A,5.49,6.49,False,False,True
878,Wandering Odyssey,166,G,2.99,3.99,False,False,False
879,Shattered River,152,18A,5.99,6.99,False,False,False
880,Endless Echoes,122,PG,4.49,5.49,False,True,False
881,Hidden Legacy,101,R,3.49,3.99,False,False,True
882,Wild Storm,83,14A,4.49,5.49,True,True,False
883,Final City,179,14A,4.99,5.99,False,False,True
884,Shattered Echoes,134,14A,5.49,6.49,False,True,True
885,Rising Storm,119,18A,2.99,3.49,False,False,True
886,Furious Skies,175,R,4.99,6.49,False,False,True
887,Burning Legacy,178,14A,3.49,3.99,False,True,True
888,Secret Pulse,82,PG,5.49,6.99,False,True,True
889,Neon Garden,106,14A,4.49,5.49,True,True,False
890,Wandering Promise,159,18A,5.49,5.99,False,True,True
891,Forgotten Spectrum,99,18A,3.49,4.99,False,False,True
892,Endless Storm,141,R,4.99,5.49,False,True,True
893,Broken Voices,122,18A,3.99,4.99,False,True,True
894,Electric Storm,91,14A,3.99,5.49,True,True,False
895,Golden Pulse,80,R,3.99,4.99,False,True,True
896,Neon Oath,129,R,4.99,6.49,False,True,False
897,Wandering Labyrinth,174,G,2.99,4.49,False,False,True
898,Broken Shadows,148,PG,4.49,5.49,True,True,False
899,Shattered Garden,124,G,5.99,6.99,False,True,True
900,Neon Odyssey,148,G,2.99,3.49,False,False,True
901,Rising Dreams,98,PG,4.99,5.49,False,True,True
902,Broken Voices,85,18A,3.99,5.49,False,True,True
903,Furious Skies,178,R,2.99,3.49,True,False,False
904,Burning City,165,G,5.99,6.49,True,False,False
905,Fading Shadows,130,G,5.99,6.49,False,False,False
906,Wandering Skies,180,R,4.99,5.99,True,False,False
907,Burning Pulse,126,G,3.49,4.99,False,True,True
908,Crimson Mirage,144,G,2.99,4.49,False,False,True
909,Furious Frontier,154,R,5.49,6.99,False,False,True
910,Golden Mirage,180,14A,2.99,3.49,False,True,True
911,Wild Spectrum,85,R,2.99,3.49,False,True,True
912,Shattered River,178,R,5.99,7.49,False,True,True
913,Burning Odyssey,94,R,3.49,3.99,True,True,False
914,Secret Empire,173,18A,5.49,6.99,False,True,True
915,Broken Voices,129,14A,4.49,5.49,False,False,True
916,Shattered Shadows,172,PG,5.49,5.99,True,False,False
917,Wild Oath,148,G,5.49,6.49,False,True,False
918,Burning Spectrum,137,R,5.49,5.99,False,False,True
919,Rising Empire,140,R,5.49,5.99,True,True,False
920,Golden Dreams,177,PG,4.49,5.49,False,True,True
921,Neon Garden,92,G,2.99,4.49,True,True,False
922,Secret Garden,126,18A,3.49,4.99,False,True,True
923,Furious Mirage,90,14A,2.99,4.49,False,True,True
924,Furious Promise,117,14A,3.49,4.99,False,True,True
925,Forgotten Horizon,144,R,2.99,3.99,True,False,False
926,Final Garden,174,18A,2.99,3.49,False,True,False
927,Silent Labyrinth,82,R,3.49,4.99,True,True,False
928,Silent Dreams,92,G,5.99,7.49,False,False,True
929,Shattered Legacy,115,PG,5.99,6.99,False,True,True
930,Silent Pulse,158,PG,4.99,5.99,False,False,False
931,Furious Empire,120,PG,2.99,3.99,False,False,True
932,Silent Storm,156,14A,3.99,4.49,False,False,True
933,Wild Spectrum,176,14A,5.99,6.99,False,True,True
934,Golden Dreams,98,PG,2.99,3.99,True,True,False
935,Lost Promise,91,G,3.49,4.49,True,True,False
936,Wild Odyssey,139,14A,5.49,6.49,False,True,True
937,Silent Frontier,95,14A,3.49,3.99,True,False,False
938,Broken Voices,109,G,4.49,4.99,False,True,True
939,Crimson Horizon,125,R,5.99,6.49,False,False,False
940,Final Shadows,175,R,4.49,5.99,False,True,True
941,Final Horizon,141,PG,4.49,4.99,False,False,True
942,Shattered Promise,167,PG,5.49,6.49,False,True,False
943,Final Echoes,134,R,2.99,3.49,False,True,True
944,Hidden City,116,R,5.99,7.49,False,False,True
945,Final Horizon,150,G,4.49,5.49,False,False,True
946,Midnight Oath,128,R,5.49,5.99,False,True,True
947,Rising Horizon,113,G,4.49,4.99,True,False,False
948,Burning Labyrinth,136,G,4.49,5.49,True,False,False
949,Golden Storm,113,14A,4.99,5.49,False,False,True
950,Crimson Promise,149,18A,5.49,6.49,True,True,False
951,Lost Odyssey,167,18A,5.99,6.99,False,False,True
952,Neon Mirage,137,G,4.99,5.99,True,False,False
953,Neon Shadows,93,G,4.49,4.99,False,True,True
954,Neon Horizon,127,18A,2.99,4.49,True,False,False
955,Shattered Empire,172,G,4.49,5.49,True,False,False
956,Furious Mirage,120,PG,5.49,5.99,False,False,False
957,Rising Mirage,80,14A,4.49,5.49,False,False,False
958,Rising Dreams,145,G,4.49,5.49,False,False,False
959,Silent Horizon,147,14A,3.99,5.49,True,False,False
960,Shattered Legacy,119,R,4.99,6.49,False,True,True
961,Shattered Promise,105,R,4.99,5.99,False,False,False
962,Midnight River,128,R,5.99,6.99,False,True,False
963,Wild Promise,150,G,3.49,4.49,False,False,True
964,Wandering Dreams,176,18A,2.99,3.99,False,True,True
965,Final Spectrum,178,18A,3.99,4.99,False,True,True
966,Rising Odyssey,87,R,3.99,4.99,False,False,True
967,Fading Shadows,166,R,5.49,5.99,True,False,False
968,Secret Empire,149,18A,4.99,5.99,True,False,False
969,Electric Garden,111,18A,5.49,6.49,False,False,False
970,Broken Garden,136,G,5.49,5.99,False,False,True
971,Electric Pulse,105,G,4.99,6.49,True,True,False
972,Burning Legacy,147,14A,5.49,6.49,False,True,True
973,Silent Odyssey,116,R,2.99,4.49,False,True,True
974,Rising Labyrinth,134,14A,3.49,4.99,True,True,False
975,Broken Horizon,100,R,5.49,5.99,False,False,False
976,Furious Skies,135,G,5.49,5.99,False,True,True
977,Lost Oath,140,18A,2.99,3.99,False,False,True
978,Crimson Dreams,180,PG,5.49,6.99,True,True,False
979,Electric Horizon,112,18A,4.49,5.49,True,True,False
980,Secret Mirage,107,G,5.99,6.99,False,False,True
981,Furious Frontier,110,PG,4.49,5.49,False,False,True
982,Lost Horizon,81,18A,5.99,6.99,True,True,False
983,Hidden Oath,107,14A,4.99,5.99,False,True,True
984,Midnight Voices,85,18A,5.49,6.99,True,False,False
985,Forgotten Horizon,142,PG,5.49,6.49,False,True,True
986,Hidden Mirage,156,18A,4.99,5.49,False,True,True
987,Crimson Garden,171,18A,3.49,4.99,True,True,False
988,Rising Pulse,84,G,5.99,7.49,False,False,True
989,Silent Mirage,157,G,4.99,6.49,False,True,True
990,Hidden City,86,R,3.99,4.99,False,True,True
991,Burning Storm,128,14A,3.99,4.99,False,False,True
992,Wild City,109,PG,4.99,6.49,True,False,False
993,Neon Skies,153,R,5.49,6.49,False,False,False
994,Final Legacy,106,18A,3.99,4.99,False,True,False
995,Secret Oath,117,18A,4.49,4.99,False,True,False
996,Shattered Oath,99,18A,5.49,6.49,False,False,False
997,Secret Shadows,95,G,4.49,5.49,False,False,False
998,Electric Spectrum,81,PG,5.99,6.99,True,False,False
999,Burning Pulse,168,14A,2.99,3.99,False,False,False
1000,Neon Mirage,114,14A,5.49,6.49,True,False,False
